/*
Navicat MySQL Data Transfer

Source Server         : mysql 5.7
Source Server Version : 50731
Source Host           : localhost:3306
Source Database       : party

Target Server Type    : MYSQL
Target Server Version : 50731
File Encoding         : 65001

Date: 2021-03-30 10:51:43
*/

SET FOREIGN_KEY_CHECKS=0;

-- ----------------------------
-- Table structure for learn
-- ----------------------------
DROP TABLE IF EXISTS `learn`;
CREATE TABLE `learn` (
  `learnSer` int(255) DEFAULT NULL,
  `leaSteam` text
) ENGINE=InnoDB DEFAULT CHARSET=utf8mb4;

-- ----------------------------
-- Records of learn
-- ----------------------------
INSERT INTO `learn` VALUES ('1', '党的十九大精神的灵魂和主线是:习近平新时代中国特色社会主义思想。');
INSERT INTO `learn` VALUES ('2', '党的十九大把习近平新时代中国特色社会主义思想确立为党必须长期坚持的指导思想并写进党章，实现了党的指导思想的与时俱进。');
INSERT INTO `learn` VALUES ('3', '近平新时代中国特色社会主义思想的历史地位是：是对马克思列宁主义、毛泽东思想、邓小平理论、“三个代表”重要思想、科学发展观的继承和发展，是马克思主义中国化最新成果，是党和人民实践经验和集体智慧的结晶，是中国特色社会主义理论体系的重要组成部分，是全党全国人民为实现中华民族伟大复兴而奋斗的行动指南。');
INSERT INTO `learn` VALUES ('4', '“两个维护”是指坚决维护习近平总书记党中央的核心、全党的核心地位，坚决维护党中央权威和集中统一领导。');
INSERT INTO `learn` VALUES ('5', '“四个意识”即:政治意识、大局意识、核心意识、看齐意识。');
INSERT INTO `learn` VALUES ('6', '“四个自信”即：中国特色社会主义道路自信、理论自信、制度自信、文化自信。');
INSERT INTO `learn` VALUES ('7', '习近平总书记强调的三个“一以贯之”是指：坚持和发展中国特色社会主义要一以贯之，推进党的建设新的伟大工程要一以贯之,增强忧患意识、防范风险挑战要一以贯之。');
INSERT INTO `learn` VALUES ('8', '坚持和发展中国特色社会主义是改革开放以来党的全部理论和实践的主题，是当代中国发展进步的根本方向。');
INSERT INTO `learn` VALUES ('9', '近代以来中华民族最伟大的梦想是：实现中华民族伟大复兴。');
INSERT INTO `learn` VALUES ('10', '中国梦的本质是国家富强、民族振兴、人民幸福。');
INSERT INTO `learn` VALUES ('11', '实现中国梦必须走中国道路，必须弘扬中国精神，必须凝聚中国力量。');
INSERT INTO `learn` VALUES ('12', '中国共产党的领导是中国特色社会主义最本质的特征，是中国特色社会主义制度的最大优势。');
INSERT INTO `learn` VALUES ('13', '经过长期的努力，中国特色社会主义进入了新时代，这是我国发展新的历史方位。');
INSERT INTO `learn` VALUES ('14', '我国社会主要矛盾已经转化为人民日益增长的美好生活需要和不平衡不充分的发展之间的矛盾。');
INSERT INTO `learn` VALUES ('15', '我国社会主要矛盾的变化，没有改变我们对我国社会主义所处历史阶段的判断，我国仍处于并将长期处于社会主义初级阶段的基本国情没有变，我国是世界最大发展中国家的国际地位没有变。');
INSERT INTO `learn` VALUES ('16', '党的十九大的主题是：不忘初心，牢记使命，高举中国特色社会主义伟大旗帜，决胜全面建成小康社会，夺取新时代中国特色社会主义伟大胜利，为实现中华民族伟大复兴的中国梦不懈奋斗。');
INSERT INTO `learn` VALUES ('17', '党的十九大报告强调的“四个伟大”是指:伟大斗争、伟大工程、伟大事业、伟大梦想。其中起决定性作用的是党的建设新的伟大工程。');
INSERT INTO `learn` VALUES ('18', '人民立场是党的根本政治立场。');
INSERT INTO `learn` VALUES ('19', '中国共产党人的初心和使命是：为中国人民谋幸福，为中华民族谋复兴。');
INSERT INTO `learn` VALUES ('20', '为什么人的问题，是检验一个政党、一个政权性质的试金石。');
INSERT INTO `learn` VALUES ('21', '人民对美好生活的向往就是我们的奋斗目标。');
INSERT INTO `learn` VALUES ('22', '我们党是代表最广大人民利益的政党，一切工作的成败得失必然要由人民群众来检验，以人民拥护不拥护、赞成不赞成、高兴不高兴、答应不答应作为根本标准。');
INSERT INTO `learn` VALUES ('23', '保障和改善民生要抓住人民最关心最直接最现实的利益问题，既要尽力而为，又要量力而行，一件事情接着一件事情办，一年接着一年干。');
INSERT INTO `learn` VALUES ('24', '习近平总书记指出，中国人民是具有伟大创造精神的人民,具有伟大奋斗精神的人民,具有伟大团结精神的人民,具有伟大梦想精神的人民。');
INSERT INTO `learn` VALUES ('25', '从党的十九大到党的二十大，是“两个一百年”奋斗目标的历史交汇期。我们既要全面建成小康社会、实现第一个百年奋斗目标，又要乘势而上开启全面建设社会主义现代化国家新征程，向第二个百年奋斗目标进军。');
INSERT INTO `learn` VALUES ('26', '国家治理体系和治理能力是一个国家的制度和制度执行能力的集中体现。');
INSERT INTO `learn` VALUES ('27', '发展是解决我国一切问题的基础和关键，发展必须是科学发展，必须坚定不移贯彻创新、协调、绿色、开放、共享的发展理念。');
INSERT INTO `learn` VALUES ('28', '创新是引领发展的第一动力，协调是持续健康发展的内在要求，绿色是永续发展的必要条件，开放是国家繁荣发展的必由之路，共享是中国特色社会主义的本质要求。');
INSERT INTO `learn` VALUES ('29', '“五位一体”总体布局是指:经济建设、政治建设、文化建设、社会建设、生态文明建设。');
INSERT INTO `learn` VALUES ('30', '“四个全面”战略布局是指：全面建设社会主义现代化国家、全面深化改革、全面依法治国、全面从严治党。');
INSERT INTO `learn` VALUES ('31', '全面从严治党基础在全面，关键在严，要害在治。“全面”就是管全党、治全党，面向全体党员和党组织，覆盖党的建设各个领域、各个方面、各个部门，重点是抓住领导干部这个“关键少数”。“严”就是真管真严、敢管敢严、长管长严。“治”就是从党中央到省市县党委，从中央部委、国家机关部门党组（党委）到基层党支部，都要肩负起主体责任，党委书记要把抓好党建当作分内之事、必须担当的责任；各级纪委要担负起监督责任，敢于瞪眼黑脸，敢于执纪问责。');
INSERT INTO `learn` VALUES ('32', '改革开放是决定当代中国命运的关键一招,也是决定实现“两个一百年”奋斗目标、实现中华民族伟大复兴的关键一招。');
INSERT INTO `learn` VALUES ('33', '改革必须坚持正确方向，既不走封闭僵化的老路、也不走改旗易帜的邪路。');
INSERT INTO `learn` VALUES ('34', '全面建成小康社会决胜期的“三大攻坚战”是指：坚决打好防范化解重大风险、精准脱贫、污染防治的攻坚战。');
INSERT INTO `learn` VALUES ('35', '我国经济已由高速增长阶段转向高质量发展阶段，正处在转变发展方式、优化经济结构、转换增长动力的攻关期，建设现代化经济体系是跨越关口的迫切要求和我国发展的战略目标。');
INSERT INTO `learn` VALUES ('36', '高质量发展集中体现了坚持以提高发展质量和效益为中心，是为了更好满足人民日益增长的美好生活需要的发展，是体现新发展理念的发展。');
INSERT INTO `learn` VALUES ('37', '推进供给侧结构性改革是当前和今后一个时期经济发展和经济工作的主线。');
INSERT INTO `learn` VALUES ('38', '当前和今后一个时期，我国经济发展面临的问题,供给和需求两侧都有，但矛盾的主要方面在供给侧。');
INSERT INTO `learn` VALUES ('39', '供给侧结构性改革的“三去一降一补”是指：去产能、去库存、去杠杆、降成本、补短板。');
INSERT INTO `learn` VALUES ('40', '党的十九大强调，要使市场在资源配置中起决定性作用，更好发挥政府作用。');
INSERT INTO `learn` VALUES ('41', '八个明确回答了新时代我们要坚持和发展什么样的中国特色社会主义。（1）明确坚持和发展中国特色社会主义，总任务是实现社会主义现代化和中华民族伟大复兴，在全面建成小康社会的基础上，分两步走在本世纪中叶建成富强民主文明和谐美丽的社会主义现代化强国；（2）明确新时代我国社会主要矛盾是人民日益增长的美好生活需要和不平衡不充分的发展之间的矛盾，必须坚持以人民为中心的发展思想，不断促进人的全面发展、全体人民共同富裕；（3）明确中国特色社会主义事业总体布局是“五位一体”、战略布局是“四个全面”，强调坚定道路自信、理论自信、制度自信、文化自信；（4）明确全面深化改革总目标是完善和发展中国特色社会主义制度、推进国家治理体系和治理能力现代化；（5）明确全面推进依法治国总目标是建设中国特色社会主义法治体系、建设社会主义法治国家；（6）明确党在新时代的强军目标是建设一支听党指挥、能打胜仗、作风优良的人民军队，把人民军队建设成为世界一流军队；（7）明确中国特色大国外交要推动构建新型国际关系，推动构建人类命运共同体；（8）明确中国特色社会主义最本质的特征是中国共产党领导，中国特色社会主义最大优势是中国共产党领导，党是最高政治领导力量，提出新时代党的建设总要求，突出政治建设在党的建设中的重要地位。');
INSERT INTO `learn` VALUES ('42', '十四个坚持（习近平新时代中国特色社会主义思想的基本方略）（1）坚持党对一切工作的领导；（2）坚持以人民为中心；（3）坚持全面深化改革；（4）坚持新发展理念；（5）坚持人民当家作主；（6）坚持全面依法治国；（7）坚持社会主义核心价值体系；（8）坚持在发展中保障和改善民生；（9）坚持人与自然和谐共生；（10）坚持总体国家安全观；（11）坚持党对人民军队的绝对领导；（12）坚持“一国两制”和推进祖国统一；（13）坚持推动构建人类命运共同体；（14）坚持全面从严治党。');
INSERT INTO `learn` VALUES ('43', '五大文明是指：物质文明、政治文明、精神文明、社会文明、生态文明');
INSERT INTO `learn` VALUES ('44', '“一带一路”是指：丝绸之路经济带和21世纪海上丝绸之路。要着力把“一带一路”建成和平之路、繁荣之路、开放之路、创新之路、文明之路。');
INSERT INTO `learn` VALUES ('45', '全面开放是实现国家繁荣富强的根本出路。');
INSERT INTO `learn` VALUES ('46', '乡村振兴战略的总要求是：产业兴旺、生态宜居、乡风文明、治理有效、生活富裕。');
INSERT INTO `learn` VALUES ('47', '走中国特色社会主义政治发展道路，必须坚持党的领导、人民当家作主、依法治国的有机统一。');
INSERT INTO `learn` VALUES ('48', '社会主义民主政治的本质特征是人民当家作主。');
INSERT INTO `learn` VALUES ('49', '中国实行工人阶级领导的、以工农联盟为基础的人民民主专政的国体，实行人民代表大会制度的政体，实行中国共产党领导的多党合作和政治协商制度,实行民族区域自治制度,实行基层群众自治制度，具有鲜明的中国特色。');
INSERT INTO `learn` VALUES ('50', '中国共产党同各民主党派实行长期共存、互相监督、肝胆相照、荣辱与共的基本方针。');
INSERT INTO `learn` VALUES ('51', '全面深化改革的总目标是完善和发展中国特色社会主义制度，推进国家治理体系和治理能力现代化。');
INSERT INTO `learn` VALUES ('52', '全面推进依法治国的总目标是：建设中国特色社会主义法治体系，建设社会主义法治国家。');
INSERT INTO `learn` VALUES ('53', '当前和今后一个时期，全面贯彻落实总体国家安全观，要着重抓好政治安全、国土安全、经济安全、社会安全、网络安全、外部安全等重点领域的国家安全工作。');
INSERT INTO `learn` VALUES ('54', '习近平总书记指出，经济建设是党的中心工作，意识形态工作是党的一项极端重要的工作。');
INSERT INTO `learn` VALUES ('55', '历史和现实反复证明，能否做好意识形态工作，事关党的前途命运，事关国家长治久安，事关民族凝聚力和向心力。');
INSERT INTO `learn` VALUES ('56', '加强意识形态阵地建设和管理，要认真贯彻主管主办和属地管理原则，切实做到守土有责、守土负责、守土尽责，决不给错误思想观点提供传播渠道。');
INSERT INTO `learn` VALUES ('57', '党员要强化党的意识和组织观念，自觉做到思想上认同组织、政治上依靠组织、工作上服从组织、感情上信赖组织。');
INSERT INTO `learn` VALUES ('58', '互联网已经成为意识形态斗争的主战场、主阵地、最前沿,网络意识形态工作是意识形态工作的重中之重。');
INSERT INTO `learn` VALUES ('59', '习近平总书记指出，对人民内部矛盾，要善于运用法治、民主、协商的办法进行处理。');
INSERT INTO `learn` VALUES ('60', '勇于自我革命，从严管党治党，是我们党最鲜明的品格。');
INSERT INTO `learn` VALUES ('61', '党面临的“四大考验”是：执政考验、改革开放考验、市场经济考验、外部环境考验。');
INSERT INTO `learn` VALUES ('62', '党面临的“四种危险”是：精神懈怠的危险、能力不足的危险、脱离群众的危险、消极腐败的危险。');
INSERT INTO `learn` VALUES ('63', '我们党只有勇于直面问题，不断增强党自我净化、自我完善、自我革新、自我提高的能力,才能确保党拥有旺盛的生命力和强大的战斗力。');
INSERT INTO `learn` VALUES ('64', '改进党的领导方式。着眼于党把方向、谋大局、定政策、促改革，强化战略思维、创新思维、辩证思维、法治思维、底线思维，正确制定和坚决执行党的路线方针政策，不断增强党的政治领导力、思想引领力、群众组织力、社会号召力。');
INSERT INTO `learn` VALUES ('65', '我们党既要政治过硬，也要本领高强，要增强学习本领、政治领导本领、改革创新本领、科学发展本领、依法执政本领、群众工作本领、狠抓落实本领、驾驭风险本领。');
INSERT INTO `learn` VALUES ('66', '党的十九大报告指出，要增强政治领导本领,坚持战略思维、创新思维、辩证思维、法治思维、底线思维,科学制定和坚决执行党的路线方针政策，把党总揽全局、协调各方落到实处。');
INSERT INTO `learn` VALUES ('67', '领导干部要做尊法学法守法用法的模范。');
INSERT INTO `learn` VALUES ('68', '习近平总书记要求党的高级干部必须做到信念过硬、政治过硬、责任过硬、能力过硬、作风过硬。');
INSERT INTO `learn` VALUES ('69', '实现全面建成小康社会奋斗目标，实现中华民族伟大复兴的中国梦，关键在于培养造就一支具有铁一般信仰、铁一般信念、铁一般纪律、铁一般担当的干部队伍。');
INSERT INTO `learn` VALUES ('70', '新时期好干部标准是：信念坚定、为民服务、勤政务实、敢于担当、清正廉洁。');
INSERT INTO `learn` VALUES ('71', '群众路线始终是党的生命线和根本工作路线，是我们党永葆青春活力和战斗力的重要传家宝。');
INSERT INTO `learn` VALUES ('72', '先进性和纯洁性是马克思主义政党的本质属性。');
INSERT INTO `learn` VALUES ('73', '新时代我国法治建设的指导方针是:科学立法、严格执法、公正司法、全民守法。');
INSERT INTO `learn` VALUES ('74', '发展中国特色社会主义文化，要坚定文化自信，增强文化自觉,坚持走中国特色社会主义文化发展道路，激发全民族文化创新创造活力，建设社会主义文化强国。');
INSERT INTO `learn` VALUES ('75', '建设社会主义生态文明，要树立尊重自然、顺应自然、保护自然的生态文明理念，增强绿水青山就是金山银山的意识，坚持节约资源和保护环境的基本国策，坚持节约优先、保护优先、自然恢复为主的方针，坚持生产发展、生活富裕、生态良好的文明发展道路。');
INSERT INTO `learn` VALUES ('76', '构建人类命运共同体重要战略思想，是习近平总书记着眼人类发展和世界前途提出的中国理念、中国方案。');
INSERT INTO `learn` VALUES ('77', '党的十九大报告提出，要坚定实施科教兴国战略、人才强国战略、创新驱动发展战略、乡村振兴战略、区域协调发展战略、可持续发展战略、军民融合发展战略。');
INSERT INTO `learn` VALUES ('78', '党的建设总体布局是：全面推进党的政治建设、思想建设、组织建设、作风建设、纪律建设，把制度建设贯穿其中，深入推进反腐败斗争。');
INSERT INTO `learn` VALUES ('79', '新时代党的建设的主线是：加强党的长期执政能力建设、先进性和纯洁性建设。');
INSERT INTO `learn` VALUES ('80', '党的根本性建设是党的政治建设，决定党的建设方向和效果。');
INSERT INTO `learn` VALUES ('81', '坚持党中央权威和集中统一领导是党的政治建设的首要任务。');
INSERT INTO `learn` VALUES ('82', '把党的政治建设摆在首位，必须做到坚决防止和反对个人主义、分散主义、自由主义、本位主义、好人主义，坚决防止和反对宗派主义、圈子文化，码头文化，坚决反对搞两面派、做两面人。');
INSERT INTO `learn` VALUES ('83', '党的作风建设的核心问题是保持党同人民群众的血肉联系。');
INSERT INTO `learn` VALUES ('84', '党的“三大优良作风”是：理论联系实际、密切联系群众、批评与自我批评。');
INSERT INTO `learn` VALUES ('85', '“两学一做”学习教育，指的是“学党章党规、学系列讲话，做合格党员”学习教育。');
INSERT INTO `learn` VALUES ('86', '“三严三实”是指：严以修身、严以用权、严以律己，谋事要实、创业要实、做人要实。');
INSERT INTO `learn` VALUES ('87', '新时代党的组织路线：全面贯彻新时代中国特色社会主义思想，以组织体系建设为重点，着力培养忠诚干净担当的高素质干部。');
INSERT INTO `learn` VALUES ('88', '干部选拔任用 “凡提四必”，即讨论决定前，对拟提拔或进一步使用人选的干部档案必审、个人有关事项报告必核、纪检监察机关意见必听、线索具体的信访举报必查，坚决防止“带病提拔”。');
INSERT INTO `learn` VALUES ('89', '习近平总书记强调，全党同志要加强党性锻炼，不断提高政治觉悟和政治能力，把对党忠诚、为党分忧、为党尽职、为民造福作为根本政治担当，永葆共产党人政治本色。');
INSERT INTO `learn` VALUES ('90', '习近平指出，培养什么人，是教育的首要问题。');
INSERT INTO `learn` VALUES ('91', '习近平在全国教育大会上强调，加强党对教育工作的全面领导，是办好教育的根本保证。');
INSERT INTO `learn` VALUES ('92', '习近平在学校思想政治理论课教师座谈会上强调，办好思想政治理论课，最根本的是要全面贯彻党的教育方针，解决好培养什么人、怎样培养人、为谁培养人这个根本问题。');
INSERT INTO `learn` VALUES ('93', '新时代全国高等学校本科教育工作会议指出，我们将把回归常识、回归本分、回归初心、回归梦想作为高校改革发展的基本遵循，激励学生刻苦读书学习，引导教师潜心教书育人，努力培养德智体美全面发展的社会主义建设者和接班人，加快建设高等教育强国。');
INSERT INTO `learn` VALUES ('94', '我们将努力建设高素质教师队伍，把师德师风作为教师素质评价的第一标准，引导教师以德立身、以德立学、以德施教，更好担当起学生健康成长指导者和引路人的责任。');
INSERT INTO `learn` VALUES ('95', '习近平强调，做好新形势下宣传思想工作，必须自觉承担起举旗帜、聚民心、育新人、兴文化、展形象的使命任务。');
INSERT INTO `learn` VALUES ('96', '习近平强调，做好党的新闻舆论工作，事关旗帜和道路，事关贯彻落实党的理论和路线方针政策，事关顺利推进党和国家各项事业，事关全党全国各族人民凝聚力和向心力，事关党和国家前途命运。');
INSERT INTO `learn` VALUES ('97', '领导干部要带头学理论、强信念，筑牢信仰之基，补足精神之钙，把稳思想之舵。');
INSERT INTO `learn` VALUES ('98', '我国宗教的主要特征是：宗教具有长期性、群众性、民族性、国际性、复杂性。');
INSERT INTO `learn` VALUES ('99', '分两步走在本世纪中叶建成社会主义现代化强国的战略安排是什么？\n\n答：第一个阶段，从2020年到2035年，在全面建成小康社会的基础上，再奋斗15年，基本实现社会主义现代化；第二个阶段，从2035年到本世纪中叶，在基本实现现代化的基础上，再奋斗15年，把我国建成富强民主文明和谐美丽的社会主义现代化强国。');
INSERT INTO `learn` VALUES ('100', '“两不愁三保障”是指不愁吃、不愁穿，义务教育、基本医疗、住房安全有保障。');
INSERT INTO `learn` VALUES ('101', '社会主义核心价值观的内容是：富强、民主、文明、和谐，自由、平等、公正、法治，爱国、敬业、诚信、友善。');
INSERT INTO `learn` VALUES ('102', '贯穿习近平新时代中国特色社会主义思想的科学思想方法和工作方法有：坚持实事求是；坚持战略定力；坚持问题导向;坚持全面协调;坚持底线思维;坚持调查研究;坚持抓铁有痕；坚持历史担当。');
INSERT INTO `learn` VALUES ('103', '党章是最根本的党内法规，是管党治党的总规矩。');
INSERT INTO `learn` VALUES ('104', '党政军民学,东西南北中,党是领导一切的。');
INSERT INTO `learn` VALUES ('105', '中国共产党的宗旨是:全心全意为人民服务。');
INSERT INTO `learn` VALUES ('106', '中国共产党是中国工人阶级的先锋队，同时是中国人民和中华民族的先锋队，是中国特色社会主义事业的领导核心，代表中国先进生产力的发展要求，代表中国先进文化的前进方向，代表中国最广大人民的根本利益。');
INSERT INTO `learn` VALUES ('107', '党的最高理想和最终目标是实现共产主义。');
INSERT INTO `learn` VALUES ('108', '旗帜鲜明讲政治是我们党作为马克思主义政党的根本要求。');
INSERT INTO `learn` VALUES ('109', '中国共产党以马克思列宁主义、毛泽东思想、邓小平理论、“三个代表”重要思想、科学发展观、习近平新时代中国特色社会主义思想作为自己的行动指南。');
INSERT INTO `learn` VALUES ('110', '改革开放以来我们取得一切成绩和进步的根本原因，归结起来就是:开辟了中国特色社会主义道路,形成了中国特色社会主义理论体系，确立了中国特色社会主义制度,发展了中国特色社会主义文化。');
INSERT INTO `learn` VALUES ('111', '党的三大历史任务是：推进现代化建设、完成祖国统一、维护世界和平与促进共同发展。');
INSERT INTO `learn` VALUES ('112', '在新世纪新时代，经济和社会发展的战略目标是:到建党一百年时，全面建成小康社会;到新中国成立一百年时，全面建成社会主义现代化强国。');
INSERT INTO `learn` VALUES ('113', '严守“四条底线”：法律底线、纪律底线、政策底线、道德底线。');
INSERT INTO `learn` VALUES ('114', '合格党员的“四讲四有”是指：讲政治、有信念，讲规矩、有纪律，讲道德、有品行，讲奉献、有作为。');
INSERT INTO `learn` VALUES ('115', '党员要做到的“四个合格”是指：政治合格、执行纪律合格、品德合格、发挥作用合格。');
INSERT INTO `learn` VALUES ('116', '四个自我是指：自我净化、自我完善、自我革新、自我提高。');
INSERT INTO `learn` VALUES ('117', '党的“六大纪律”包括：政治经律、组织经律、廉洁纪律、群众纪律、工作纪律、生活纪律。');
INSERT INTO `learn` VALUES ('118', '《党章》强调，要牢牢掌握意识形态工作领导权，不断巩固马克思主义在意识形态领域的指导地位，巩固全党全国人民团结奋斗的共同思想基础。');
INSERT INTO `learn` VALUES ('119', '党的根本组织原则是民主集中制。');
INSERT INTO `learn` VALUES ('120', '民主集中制是民主基础上的集中和集中指导下的民主相结合，它既是党的根本组织原则，也是群众路线在党的生活中的运用。');
INSERT INTO `learn` VALUES ('121', '我们党的最大政治优势是密切联系群众，党执政后的最大危险是脱离群众。');
INSERT INTO `learn` VALUES ('122', '党风问题、党同人民群众联系问题是关系党生死存亡的问题。');
INSERT INTO `learn` VALUES ('123', '深入推进党风廉政建设和反腐败斗争，要以零容忍态度惩治腐败，构建不敢腐、不能腐、不想腐的有效机制。');
INSERT INTO `learn` VALUES ('124', '坚持“三会一课”制度，党员必须参加党员大会、党小组会和上党课，党支部要定期召开支部委员会会议。');
INSERT INTO `learn` VALUES ('125', '党员如果没有正当理由，连续六个月不参加党的组织生活，或不交纳党费，或不做党所分配的工作，就被认为是自行脱党。');
INSERT INTO `learn` VALUES ('126', '党的基层委员会、总支部委员会、支部委员会每届任期三年至五年。');
INSERT INTO `learn` VALUES ('127', '政治纪律是党最根本、最重要的纪律，遵守党的政治纪律是遵守党的全部纪律的基础。');
INSERT INTO `learn` VALUES ('128', '落实党风廉政建设责任制，党委负主体责任，纪委负监督责任。');
INSERT INTO `learn` VALUES ('129', '“四风问题”是指:形式主义、官僚主义、享乐主义、奢靡之风。');
INSERT INTO `learn` VALUES ('130', '党的纪律主要包括:政治纪律、组织纪律、廉洁纪律、群众纪律、工作纪律、生活纪律。');
INSERT INTO `learn` VALUES ('131', '《中国共产党纪律处分条例》强调，要重点查处党的十八大以来不收敛、不收手，问题线索反映集中、群众反映强烈，政治问题和经济问题交织的腐败案件，违反中央八项规定精神的问题。');
INSERT INTO `learn` VALUES ('132', '党的纪律处分工作应当坚持的原则有:坚持党要管党、全面从严治党；党纪面前一律平等；实事求是;民主集中制;惩前毖后、治病救人。');
INSERT INTO `learn` VALUES ('133', '对党员的纪律处分有五种:警告、严重警告、撤销党内职务、留党察看、开除党籍。');
INSERT INTO `learn` VALUES ('134', '“三型”政党是指：建设学习型、服务型、创新型的马克思主义执政党。');
INSERT INTO `learn` VALUES ('135', '四个铁一般是指：铁一般信仰、铁一般信念、铁一般纪律、铁一般担当。');
INSERT INTO `learn` VALUES ('136', '坚定理想信念是开展党内政治生活的首要任务。');
INSERT INTO `learn` VALUES ('137', '党员受到警告处分一年内、受到严重警告处分一年半内，不得在党内提升职务和向党外组织推荐担任高于其原任职务的党外职务。');
INSERT INTO `learn` VALUES ('138', '党务公开应当遵循的原则是：坚持正确方向、坚持发扬民主、坚持积极稳妥、坚持依规依法。');
INSERT INTO `learn` VALUES ('139', '党内监督的重点对象是党的领导机关和领导干部特别是主要领导干部。');
INSERT INTO `learn` VALUES ('140', '领导干部应当按规定如实报告个人有关事项，及时报告个人及家庭重大情况,事先请示报告离开岗位或者工作所在地等。');
INSERT INTO `learn` VALUES ('141', '党的问责工作应当坚持的原则是：依规依纪、实事求是，失责必问、问责必严，惩前毖后、治病救人，分级负责、层层落实责任。');
INSERT INTO `learn` VALUES ('142', '遵守党的政治纪律和政治规矩最为核心的是坚持党的领导，坚持党的基本理论、基本路线、基本方略，同党中央保持一致，自觉维护党中央权威。');
INSERT INTO `learn` VALUES ('143', '民主生活会应当遵循“团结-批评-团结”的方针，贯彻整风精神，充分发扬民主，开展积极健康的思想斗争,增强党内政治生活的政治性、时代性、原则性、战斗性。');
INSERT INTO `learn` VALUES ('144', '各级党委党组要把中心组学习列入重要议事日程，纳入党建工作责任制，纳入意识形态工作责任制。');
INSERT INTO `learn` VALUES ('145', '各级党委党组对本级中心组学习负主体责任，对本地区本部门本单位的中心组学习负领导责任。');
INSERT INTO `learn` VALUES ('146', '党的“四条路线”是指：政治路线、思想路线、组织路线、群众路线。');
INSERT INTO `learn` VALUES ('147', '党的群众路线是：一切为了群众，一切依靠群众，从群众中来，到群众中去，把党的正确主张变为群众的自觉行动。');
INSERT INTO `learn` VALUES ('148', '党的干部是党的事业的骨干，是人民的公仆，要做到忠诚干净担当。');
INSERT INTO `learn` VALUES ('149', '党章规定的各项纪律都必须严格遵守和执行，而最首要、最核心的就是要严格遵守和执行党的政治纪律。');
INSERT INTO `learn` VALUES ('150', '党内政治生活基本规范：以实事求是、理论联系实际、密切联系群众、批评与自我批评、民主集中制、严明党的纪律为主要内容。');
INSERT INTO `learn` VALUES ('151', '党的思想路线是什么？\n\n答：一切从实际出发，理论联系实际，实事求是，在实践中检验真理和发展真理。其精髓是：解放思想、实事求是、与时俱进，其实质和核心是：实事求是。');
INSERT INTO `learn` VALUES ('152', '党的民主集中制的“四个服从”是什么？\n\n答：党员个人服从党的组织，少数服从多数，下级组织服从上级组织,全党各个组织和全体党员服从党的全国代表大会和中央委员会。');
INSERT INTO `learn` VALUES ('153', '入党誓词是什么？\n\n答：我志愿加入中国共产党，拥护党的纲领，遵守党的章程，履行党员义务，执行党的决定，严守党的纪律，保守党的秘密，对党忠诚，积极工作，为共产主义奋斗终身，随时准备为党和人民牺牲一切，永不叛党。');
INSERT INTO `learn` VALUES ('154', '改进工作作风、密切联系群众的“八项规定”是什么？\n\n答：改进调查研究、精简会议活动、精简文件简报、规范出访活动、改进警卫工作、改进新闻报道、严格文稿发表、厉行勤俭节约。');
INSERT INTO `learn` VALUES ('155', '“三个代表”重要思想的本质是立党为公、执政为民。');
INSERT INTO `learn` VALUES ('156', '党委(党组)成员根据工作分工，按照“一岗双责”要求,抓好分管部门、单位的意识形态工作,对职责范围内的意识形态工作负领导责任。');
INSERT INTO `learn` VALUES ('157', '各级党委(党组)要建立健全意识形态领域问题每季度分析研判机制。每年至少在党内通报一次意识形态领域情况，统一思想认识，明确工作方向。各级党委(党组)每半年要向上级党委专题汇报一次意识形态工作。');
INSERT INTO `learn` VALUES ('158', '科学发展观的核心是以人为本。');
INSERT INTO `learn` VALUES ('159', '四大考验指的是长期执政考验、改革开放考验、市场经济考验、外部环境考验。');
INSERT INTO `learn` VALUES ('160', '四大危险是指精神懈怠危险、能力不足危险、脱离群众危险、消极腐败危险。');
INSERT INTO `learn` VALUES ('161', '八项规定包括：改进调查研究、精简会议活动、精简文件简报、规范出访活动、改进警卫工作、改进新闻报道、严格文稿发表、厉行勤俭节约。');
INSERT INTO `learn` VALUES ('162', '民主集中制 16 字原则：集体领导、民主集中、个别酝酿、会议决定。');
INSERT INTO `learn` VALUES ('163', '党风廉政建设“一岗双责”是指：各级干部在履行本职岗位管理职责的同时，还要对所在单位和分管工作领域的党风廉政建设负责。通俗地说，就是“一个岗位，两种责任”，每位干部既要干事，还不能出事，一手抓发展，一手抓廉政，“两手抓、两手都要硬”。');
INSERT INTO `learn` VALUES ('164', '七项组织生活制度包括：会议制度、党日制度、党课制度、报告工作制度、民主生活制度、党员汇报制度、民主评议党员制度。');
INSERT INTO `learn` VALUES ('165', '三重一大制度包括：重大事项决策、重要干部任免、重大项目投资决策、大额资金使用。');
INSERT INTO `learn` VALUES ('166', '四项基本原则：坚持社会主义道路、坚持人民民主专政、坚持中国共产党的领导、坚持马克思列宁主义毛泽东思想。');
INSERT INTO `learn` VALUES ('167', '在民主推荐、民主测评、组织考察和党内选举中搞拉票、助选等非组织活动的，给予警告或者严重警告。');
INSERT INTO `learn` VALUES ('168', '坚持正确选人用人导向，是严肃党内政治生活的组织保证。');
INSERT INTO `learn` VALUES ('169', '党的基层委员会由党员大会或党员代表大会选举产生，每届任期一般为3年至5年。');
INSERT INTO `learn` VALUES ('170', '在党员教育工作中，要深入学习领会习近平新时代中国特色社会主义思想的核心要义、基本精神、实践要求，增强政治自觉、理论自信和情感融入。');
INSERT INTO `learn` VALUES ('171', '倡导社会关爱风尚，弘扬志愿者精神是指弘扬奉献、友爱、互助、进步。');
INSERT INTO `learn` VALUES ('172', '社会主义荣辱观以“八荣八耻”为主要内容。');
INSERT INTO `learn` VALUES ('173', '《中国共产党问责条例》规定，受到问责的党的领导干部应当向问责决定机关写出书面检讨，并在民主生活会或者其他党的会议上作出深刻检查。');
INSERT INTO `learn` VALUES ('174', '党的领导核心作用主要体现为总揽全局、协调各方。');
INSERT INTO `learn` VALUES ('175', '《党章》规定，发展党员，必须把政治标准放在首位，必须经过党的支部，坚持个别吸收的原则。');
INSERT INTO `learn` VALUES ('176', '《中国共产党廉洁自律准则》第四条，坚持吃苦在前、享受在后、甘于奉献，反映了廉洁的高线。');
INSERT INTO `learn` VALUES ('177', '留党察看期间，受处分党员不享有表决权、选举权、被选举权。');
INSERT INTO `learn` VALUES ('178', '根据《党委（党组）落实全面从严治党主体责任规定》，地方党委应将党的建设与经济社会发展同谋划、同部署、同推进、同考核，加强对本地区全面从严治党各项工作的领导。');
INSERT INTO `learn` VALUES ('179', '中国共产党领导全国各族人民，经过长期的反对帝国主义、封建主义、官僚资本主义的革命斗争，取得了新民主主义革命的胜利。');
INSERT INTO `learn` VALUES ('180', '建设社会主义生态文明，要坚持节约优先、保护优先、自然恢复为主的方针。');
INSERT INTO `learn` VALUES ('181', '严格区分和正确处理敌我矛盾和人民内部矛盾这两种不同性质的矛盾。');
INSERT INTO `learn` VALUES ('182', '《中国共产党党和国家机关基层组织工作条例》指出，各级党委（党组）要切实履行全面从严治党主体责任，把机关党的建设摆在重要位置来抓，推动机关党的建设始终走在前、作表率。');
INSERT INTO `learn` VALUES ('183', '《关于加强和改进中央和国家机关党的建设的意见》指出，中央和国家机关要坚定不移向党中央看齐、向党的理论和路线方针政策看齐、向党中央决策部署看齐，自觉在思想上政治上组织上行动上同以习近平同志为核心的党中央保持一致。');
INSERT INTO `learn` VALUES ('184', '三个表率、一个模范：2019年7月9日，习近平总书记在中央和国家机关党的建设工作会议上要求，全面提高中央和国家机关党的建设质量，在深入学习贯彻新时代中国特色社会主义思想上作表率，在始终同党中央保持高度一致上作表率，在坚决贯彻落实党中央各项决策部署上作表率，建设让党中央放心、让人民群众满意的模范机关。');
INSERT INTO `learn` VALUES ('185', '“四强”党支部：2019年，中央和国家机关工委提出，深入贯彻落实习近平总书记在中央和国家机关党的建设工作会议上重要讲话精神，在中央和国家机关建设“政治功能强、支部班子强、党员队伍强、作用发挥强”的“四强”党支部。');
INSERT INTO `learn` VALUES ('186', '一体推进“三不”：2019年1月11日，习近平总书记在十九届中央纪委三次全会上作出论述，“深化标本兼治，夯实治本基础，一体推进不敢腐、不能腐、不想腐。”是对新时代党风廉政建设和反腐败斗争规律的深刻把握，也是对新时代全面从严治党提出的明确要求。');
INSERT INTO `learn` VALUES ('187', '两个责任：党的十八届中央委员会第三次全体会议提出，落实党风廉政建设责任制，党委负主体责任，纪委负监督责任。');
INSERT INTO `learn` VALUES ('188', '一岗双责：领导干部既要对所在岗位应当承担的具体业务工作负责，又要对所在岗位应当承担的党风廉政建设负责。');
INSERT INTO `learn` VALUES ('189', '请示报告制度：请示报告制度是我们党的一项重要政治纪律、组织纪律、工作纪律，是执行民主集中制的有效工作机制。中国共产党重大事项请示报告条例（自2019年1月31日起施行）规定，党组织应当将重大事项请示报告工作情况作为履行全面从严治党政治责任的重要内容，对下级党组织及其主要负责同志进行考核评价。');
INSERT INTO `learn` VALUES ('190', '“四不两直”工作方法：不发通知、不打招呼、不听汇报、不用陪同接待，直奔基层、直插现场。');
INSERT INTO `learn` VALUES ('191', '领导干部报告个人有关事项“两项法规”：中央办公厅、国务院办公厅印发的《领导干部报告个人有关事项规定》《领导干部个人有关事项报告查核结果处理办法》。');
INSERT INTO `learn` VALUES ('192', '机关党的建设“三级四岗”责任清单：党委（党组）责任清单、机关党委责任清单、党支部责任清单，党组（党委）书记责任清单、机关党委书记责任清单、机关党委专职副书记责任清单、党支部书记责任清单。');
INSERT INTO `learn` VALUES ('193', '五比五不比：省委书记王国生在2018年6月29日至30日召开的省委十届六次全会上提出“五比五不比”要求，即：比谁对中央精神吃得更透、把得更准，不比谁会开得最快、材料报得最早；比谁的增长点多，不比谁的“亮点”多；比谁的工作抓手多、载体实、方法新，不比谁的口号响、表态多；比领导班子整体合力，不只比个人能力；比攻坚克难的战斗力、解决矛盾的执行力，不比轰轰烈烈的大场面，以领导方式、思维方式、工作方式的转变推动中央精神的贯彻落实。');
INSERT INTO `learn` VALUES ('194', '五转五带头：省委书记王国生在2019年4月28日至30日召开的省委十届九次全会上提出“五转五带头”要求，即：转学风、转政绩观、转权责观、转领导方式、转工作方法；带头把学习习近平新时代中国特色社会主义思想和党的十九大精神引向深入，带头树立正确政绩观，带头转变思维方式、工作方式，带头树立良好形象，带头为基层松绑减负。');
INSERT INTO `learn` VALUES ('195', '三个导向、三抓、三种能力：省委书记王国生在2021年3月16日召开的党委（党组）书记抓基层党建工作述职评议会议上提出，要强化抓好党建是本职、不抓党建是失职、抓不好党建是不称职的理念，树牢基层导向、问题导向、责任导向，始终坚持抓在平时、用在战时，紧扣中心工作，紧贴基层实际，扛牢责任主动抓，聚焦问题具体抓，提高标准创新抓，不断提高基层干部讲政治、抓落实的能力，贯彻新发展理念、推动乡村振兴的能力，联系服务群众、创新社会治理的能力。');
INSERT INTO `learn` VALUES ('196', '五比一争：比忠诚、比学习、比担当、比作风、比实绩,争当中原出彩先锋。');
INSERT INTO `learn` VALUES ('197', '模范机关：以营造“三个氛围”为主题，着力打造政治忠诚、组织过硬、务实清廉、争先出彩的模范机关。');
INSERT INTO `learn` VALUES ('198', '五种学习方式：平时抓紧自学、以会代训领学、进党校高校讲课、沉到基层宣讲、在交流中互学。');
INSERT INTO `learn` VALUES ('199', '“四史”：党史、新中国史、改革开放史、社会主义发展史。');
INSERT INTO `learn` VALUES ('200', ' 第一个中文全译本《共产党宣言》是陈望道翻译，1920年8月由上海社会主义研究社出版。');
INSERT INTO `learn` VALUES ('201', '1919年，李大钊在《新青年》杂志发表了《我的马克思主义观》一文，系统地介绍了马克思主义的唯物史观、政治经济学和科学社会主义的基本原理。');
INSERT INTO `learn` VALUES ('202', '中国共产党第一次全国代表大会1921年7月23日举行，会场设在上海法租界望志路106号（今兴业路76号）。最后一天的会议转移到浙江嘉兴南湖的游船上举行。');
INSERT INTO `learn` VALUES ('203', '在中国共产党第一次全国代表大会上陈独秀被选为中央局书记。');
INSERT INTO `learn` VALUES ('204', '中国共产党第一次全国代表大会的中心议题是正式建立中国共产党。');
INSERT INTO `learn` VALUES ('205', '红船精神：开天辟地、敢为人先。');
INSERT INTO `learn` VALUES ('206', '党的二大于1922年7月16日至23日，在上海召开。');
INSERT INTO `learn` VALUES ('207', '七一五“分共”事件，标志着第一次国共合作全面破裂、大革命最后失败。');
INSERT INTO `learn` VALUES ('208', '南昌起义打响了武装反抗国民党反动派的第一枪，标志着中国共产党独立领导革命战争、创建人民军队和武装夺取政权的开始。');
INSERT INTO `learn` VALUES ('209', ' 中国共产党创立的第一块农村革命根据地是井冈山革命根据地。1927年10月，毛泽东率领湘赣边界秋收起义部队到达江西宁冈，开始了创建井冈山革命根据地的斗争。');
INSERT INTO `learn` VALUES ('210', '三湾改编从组织上确立了党对军队的绝对领导,为建立一支无产阶级领导下的新型人民军队奠定了基础。');
INSERT INTO `learn` VALUES ('211', '八七会议1927年8月7日在湖北汉口召开。“政权是由枪杆子中取得的”这一论断是毛泽东在“八七会议”上提出来的。');
INSERT INTO `learn` VALUES ('212', '1928年6月18日至7月11日,中国共产党第六次全国代表大会在莫斯科郊外的五一村召开。');
INSERT INTO `learn` VALUES ('213', '红军长征1934年10月起至1936年10月止。');
INSERT INTO `learn` VALUES ('214', '1935年1月15日至17日，遵义会议召开。遵义会议的主要内容：批判了博古、李德等人错误的政治路线和军事路线，肯定了毛泽东的军事作战基本原则，改组了党和红军的领导，实际上确立了毛泽东在党和红军中的领导地位。');
INSERT INTO `learn` VALUES ('215', '1935年12月17日召开的瓦窑堡会议的内容是：会议着重讨论了全国政治形势和党的策略路线、军事战略，确立了建立抗日民族统一战线的新策略，并相应地调整了各项具体政策。会议通过《中央关于军事战略问题的决议》和《中央关于目前政治形势与党的任务决议》。');
INSERT INTO `learn` VALUES ('216', '1936年10月，红四、红二方面军先后同红一方面军在甘肃会宁、静宁将台堡会师，胜利地结束了长征。');
INSERT INTO `learn` VALUES ('217', '1936年12月12日西安事变发生。标志着中国由国内战争走向抗日民族解放战争的转折点的事件是西安事变的和平解决。');
INSERT INTO `learn` VALUES ('218', '1937年7月7日,卢沟桥事变爆发,全国抗日战争由此开始。');
INSERT INTO `learn` VALUES ('219', '1942年,中国共产党在全党范围内进行了一次整风运动,其主要任务是反对主观主义以整顿学风,反对宗派主义以整顿党风,反对党八股以整顿文风。');
INSERT INTO `learn` VALUES ('220', '延安整风运动的基本方针是“惩前毖后、治病救人”。');
INSERT INTO `learn` VALUES ('221', '皖南事变：1941年1月4日，新四军军部及所属的支队9000多人由云岭出发北移。6日，行至安徽泾县茂林时，遭到国民党军队8万多人的伏击。新四军奋战七昼夜，弹尽粮绝，除2000余人突围外，大部分被俘或牺牲。');
INSERT INTO `learn` VALUES ('222', '1945年4月23日至6月11日，党的七大在延安举行。这次会议将毛泽东思想作为党的指导思想写入党章。党的七大提出的党的任务是：放手发动群众，壮大人民力量，领导人民打败日本侵略者，解放全国人民，建立一个独立、自由、民主、统一、富强的新中国。');
INSERT INTO `learn` VALUES ('223', '“毛泽东思想”这一概念的提出者是王稼祥。');
INSERT INTO `learn` VALUES ('224', '党的七大提出的党的三大作风是：理论和实践相结合的作风、和人民群众紧密联系在一起的作风、自我批评的作风。');
INSERT INTO `learn` VALUES ('225', '抗日战争是近百年来中国人民反对外国侵略者所取得的第一次完全胜利的民族解放战争。');
INSERT INTO `learn` VALUES ('226', '解放战争中的三大战役：辽沈战役、淮海战役、平津战役。历时最长、规模最大、歼敌数量最多的是淮海战役。');
INSERT INTO `learn` VALUES ('227', '1949年3月,中共中央在西北坡召开七届二中全会,毛泽东在会上向全党同志提出了著名的“两个务必”思想。会议着重讨论党的工作重心实行战略转移，即从乡村转到城市的问题。');
INSERT INTO `learn` VALUES ('228', '“两个务必”是：务必继续保持谦虚、谨慎、不骄、不躁的作风，务必继续保持艰苦奋斗的作风。');
INSERT INTO `learn` VALUES ('229', '在解放区的土地改革运动中颁布的土地法案是《中国土地法大纲》。');
INSERT INTO `learn` VALUES ('230', '解放战争时期,人民解放军进行战略决战的三大战役是辽沈、淮海、平津战役。');
INSERT INTO `learn` VALUES ('231', '新中国开展的“三反”运动是指反贪污、反浪费、反官僚主义。');
INSERT INTO `learn` VALUES ('232', '“五反”运动：反对行贿、反对偷税漏税、反对盗骗国家财产、反对偷工减料、反对盗窃国家经济情报。');
INSERT INTO `learn` VALUES ('233', '1954年9月，第一届全国人民代表大会第一次会议在北京举行。会议的召开，标志着人民代表大会制度作为新中国的根本政治制度正式确立。');
INSERT INTO `learn` VALUES ('234', '1956年9月15日至27日在北京政协礼堂召开的中国共产党第八次全国代表大会是新中国成立之后召开的第一个全国代表大会。党的八大，正确分析了社会主义社会制度基本建立之后国内外形势和国内主要矛盾的变化，强调社会主义改造基本完成后，党和国家面临的最重要的任务是保护和发展生产力。');
INSERT INTO `learn` VALUES ('235', '我国社会主义初级阶段开始于1956年。');
INSERT INTO `learn` VALUES ('236', '1958年5月，党的八大二次会议正式提出“鼓足干劲、力争上游、多快好省地建设社会主义”的总路线。会后，以片面追求工农业生产和建设的高速度，大幅度地提高和修改计划指标为标志的“大跃进”运动在全国范围内开展起来。');
INSERT INTO `learn` VALUES ('237', '20世纪60年代被誉为“党的好干部”的是：焦裕禄。');
INSERT INTO `learn` VALUES ('238', '全国开展“向雷锋同志学习”的热潮始于1963年。');
INSERT INTO `learn` VALUES ('239', '1964年10月16日，在中国西部的罗布泊试验基地成功爆炸第一颗原子弹，有力地打破了超级大国的核垄断和核讹诈，提高了我国的国际地位。');
INSERT INTO `learn` VALUES ('240', '1964年12月至1965年1月，三届全国人大一次会议举行。这次会议提出了实现四个现代化的任务。');
INSERT INTO `learn` VALUES ('241', '1977年高考制度得到恢复，全国高校重新通过统一考试招收新生。');
INSERT INTO `learn` VALUES ('242', '1978年5月11日，《光明日报》发表题为《实践是检验真理的唯一标准》特约评论员文章。由此，一场关于真理标准问题的大讨论在全国展开。');
INSERT INTO `learn` VALUES ('243', '1978年12月13日，邓小平在中央工作会议上发表的《解放思想，实事求是，团结一致向前看》的讲话，受到与会者热烈拥护，实际上成为随后召开的十一届三中全会的主题报告。');
INSERT INTO `learn` VALUES ('244', '1978年12月召开的党的十一届三中全会，是新中国成立以来党的历史上具有深远意义的伟大转折。这次会议确定把全党的工作重点转移到社会主义现代化建设上来。标志着我国进入改革开放新时期。');
INSERT INTO `learn` VALUES ('245', '党的十一届六中全会通过的《关于建国以来党的若干历史问题的决议》 ,标志着党胜利地完成了指导思想上的拨乱反正。');
INSERT INTO `learn` VALUES ('246', '党的十四大作出三项具有深远意义的决策:一是抓住机遇,加快发展;二是明确我国经济体制改革的目标是建立社会主义市场经济体制;三是提出用邓小平建设有中国特色社会主义理论武装全党。');
INSERT INTO `learn` VALUES ('247', '党在社会主义初级阶段的基本路线是：领导和团结全国各族人民，以经济建设为中心，坚持四项基本原则，坚持改革开放，自力更生，艰苦创业，为把我国建设成为富强、民主、文明、和谐、美丽的社会主义现代化强国而奋斗。');
INSERT INTO `learn` VALUES ('248', '邓小平提出的四项基本原则是：坚持社会主义道路，坚持无产阶级专政即人民民主专政，坚持共产党的领导，坚持马列主义、毛泽东思想。');
INSERT INTO `learn` VALUES ('249', '党的十一届五中全会通过了《关于党内政治生活的若干准则》。');
INSERT INTO `learn` VALUES ('250', '1981年6月，党的十一届六中全会通过《关于建国以来党的若干历史问题的决议》，标志着党在指导思想上的拨乱反正胜利完成。');
INSERT INTO `learn` VALUES ('251', '1982年9月，邓小平在党的十二大开幕词中明确提出：“把马克思主义的普遍真理同我国的具体实际结合起来，走自己的道路，建设有中国特色的社会主义”。');
INSERT INTO `learn` VALUES ('252', '1984年10月20日，党的十二届三中全会通过的《关于经济体制改革的决定》，标志着我国经济体制改革的重点从农村转向城市。');
INSERT INTO `learn` VALUES ('253', '1987年召开的党的十三大提出并系统论述了社会主义初级阶段理论。');
INSERT INTO `learn` VALUES ('254', '1997年7月1日,香港回归祖国,标志着邓小平“一国两制”构想获得巨大成功。');
INSERT INTO `learn` VALUES ('255', '1999年12月20日，中国政府恢复对澳门行使主权，中华人民共和国澳门特别行政区成立，结束了葡萄牙共和国统治澳门的历史。');
INSERT INTO `learn` VALUES ('256', '把习近平新时代中国特色社会主义思想确立为我们党的行动指南，这是党的十九大的一个重大历史贡献。习近平新时代中国特色社会主义思想回答了新时代坚持和发展什么样的中国特色社会主义、怎样坚持和发展中国特色社会主义这个重大课题。');
INSERT INTO `learn` VALUES ('257', '十九大党章增写了必须坚持以人民为中心的发展思想。');
INSERT INTO `learn` VALUES ('258', '2020年1月8日，习近平总书记在“不忘初心、牢记使命”主题教育总结大会上强调，强大的政党是在自我革命中锻造出来的。回顾党的历史，我们党总是在推动社会革命的同时，勇于推动自我革命，始终坚持真理、修正错误，敢于正视问题、克服缺点，勇于刮骨疗毒、去腐生肌。');
INSERT INTO `learn` VALUES ('259', '党的十九届五中全会召开的时间：2020年10月26至29日。');
INSERT INTO `learn` VALUES ('260', '为什么说党的十九届五中全会是一次具有全局性、历史性意义的重要会议？\n\n答：这次全会是我们党在全面建成小康社会胜利在望、全面建设社会主义现代化国家新征程即将开启的重要历史时刻召开的一次十分重要的会议，是在我国将进入新发展阶段、实现中华民族伟大复兴正处于关键时期召开的一次具有全局性、历史性意义的会议。\n');
INSERT INTO `learn` VALUES ('261', '全会最重要的成果，就是审议通过了《中共中央关于制定国民经济和社会发展第十四个五年规划和二〇三五年远景目标的建议》。规划《建议》是开启全面建设社会主义现代化国家新征程、向第二个百年奋斗目标进军的纲领性文件，是今后5年乃至更长时期我国经济社会发展的行动指南。');
INSERT INTO `learn` VALUES ('262', '党的十九届五中全会提出，全面建成小康社会、实现第一个百年奋斗目标之后，我们要乘势而上开启全面建设社会主义现代化国家新征程、向第二个百年奋斗目标进军，这标志着我国进入了一个新发展阶段。');
INSERT INTO `learn` VALUES ('263', '党的十九届五中全会提出，综合分析国内外形势，当前和今后一个时期，我国发展仍然处于重要战略机遇期，但机遇和挑战都有新的发展变化。');
INSERT INTO `learn` VALUES ('264', '“十四五”时期经济社会发展的指导思想是：高举中国特色社会主义伟大旗帜，深入贯彻党的十九大和十九届二中、三中、四中、五中全会精神，坚持以马克思列宁主义、毛泽东思想、邓小平理论、“三个代表”重要思想、科学发展观、习近平新时代中国特色社会主义思想为指导。');
INSERT INTO `learn` VALUES ('265', '“十四五”时期经济社会发展必须遵循的原则是：坚持党的全面领导，坚持以人民为中心，坚持新发展理念，坚持深化改革开放，坚持系统观念。');
INSERT INTO `learn` VALUES ('266', '“十四五”时期经济社会发展的主要目标。一是经济发展取得新成效；二是改革开放迈出新步伐；三是社会文明程度得到新提高；四是生态文明建设实现新进步；五是民生福祉达到新水平；六是国家治理效能得到新提升。');
INSERT INTO `learn` VALUES ('267', '党的十九届五中全会提出，坚持马克思主义在意识形态领域的指导地位，坚定文化自信，坚持以社会主义核心价值观引领文化建设，加强社会主义精神文明建设，围绕举旗帜、聚民心、育新人、兴文化、展形象的使命任务，促进满足人民文化需求和增强人民精神力量相统一，推进社会主义文化强国建设。');
INSERT INTO `learn` VALUES ('268', '党的十九届五中全会提出，形成强大国内市场，构建新发展格局。坚持扩大内需这个战略基点，加快培育完整内需体系，把实施扩大内需战略同深化供给侧结构性改革有机结合起来，以创新驱动、高质量供给引领和创造新需求。');
INSERT INTO `learn` VALUES ('269', '习近平总书记要求河南着力打好哪“四张牌”？\n\n答：以发展优势产业为主导推进产业结构优化升级，以构建自主创新体系为主导推进创新驱动发展，以强化基础能力建设为主导推进培育发展新优势，以人为核心推进新型城镇化。');
INSERT INTO `learn` VALUES ('270', '习近平总书记强调的县域治理“三起来”是指什么？\n\n答：把强县和富民统一起来，把改革和发展结合起来，把城镇和乡村贯通起来。');
INSERT INTO `learn` VALUES ('271', '习近平总书记强调的乡镇工作“三结合”是指什么？\n\n答：把改进作风和增强党性结合起来，把为群众办事和提高群众工作能力结合起来，把抓发展和抓党建结合起来，以实实在在的成效取信于民。');
INSERT INTO `learn` VALUES ('272', '习近平总书记指出，河南农业农村工作重点要抓粮食生产、现代农业建设、城乡一体化建设。');
INSERT INTO `learn` VALUES ('273', '习近平总书记指出，粮食生产是河南的一大优势，也是河南的一张王牌。这张王牌任何时候都不能丢。突破粮食生产瓶颈，根本在耕地、命脉在水利、出路在科技、动力在政策。');
INSERT INTO `learn` VALUES ('274', '在构建自主创新体系为主导推进创新驱动发展方面，习近平总书记指出，要坚持实施创新驱动发展战略，坚持需求导向、问题导向，努力推进科技创新、企业创新、产品创新、市场创新，向创新要活力，向创新要动力，向创新要出路，向创新要效益。');
INSERT INTO `learn` VALUES ('275', '在强化基础能力建设为主导推进培育发展新优势方面，习近平总书记指出，要突出重点、弥补短板、强化弱项，加强交通、信息、能源、生态环境等重大基础设施建设，以基础设施互联互通为纽带，推动局部优势向综合优势转变。');
INSERT INTO `learn` VALUES ('276', '习近平总书记指出，在以人为核心推进新型城镇化方面，要把培育产业放在推进新型城镇化工作的首位，注重解决进城农民就业问题。');
INSERT INTO `learn` VALUES ('277', '习近平总书记在郑州调研过程中多次指出，河南要建成连通境内外、辐射东中西的物流通道枢纽，为丝绸之路经济带建设多作贡献；勉励河南要朝着“买全球、卖全球”的战略目标迈进。');
INSERT INTO `learn` VALUES ('278', '习近平总书记指出，作风建设关键要在抓常、抓细、抓长上下功夫。');
INSERT INTO `learn` VALUES ('279', '习近平总书记要求要学习焦裕禄同志的“三股劲”是：对群众的亲劲、抓工作的韧劲、干事业的拼劲。');
INSERT INTO `learn` VALUES ('280', '习近平总书记指出，要强化党组织和党员的角色意识和政治担当意识,使爱党、忧党、兴党、护党成为各级党组织和广大党员的自觉行动。');
INSERT INTO `learn` VALUES ('281', '习近平总书记指出，亲民爱民、艰苦奋斗、科学求实、迎难而上、无私奉献的焦裕禄精神,过去是、现在是、将来仍然是我们党的宝贵精神财富,永远不会过时。');
INSERT INTO `learn` VALUES ('282', '习近平总书记在兰考县委常委扩大会议上指出，要特别学习弘扬焦裕禄同志“心中装着全体人民，唯独没有他自己”的公仆情怀;凡事探求就里、“吃别人嚼过的馍没味道”的求实作风;“敢教日月换新天”、“革命者要在困难面前逞英雄”的奋斗精神;艰苦朴素、廉洁奉公、“任何时候都不搞特殊化”的道德情操。');
INSERT INTO `learn` VALUES ('283', '2017年6月14日，习近平总书记在会见卢森堡首相贝泰尔时指出，要深化双方在“一带一路”建设框架内金融和产能等合作，中方支持建设郑州一卢森堡“空中丝绸之路”。');
INSERT INTO `learn` VALUES ('284', '习近平总书记在调研指导河南工作时提出的“四个着力”是什么？\n答：着力推动经济持续健康发展，着力做好农业农村农民工作，着力保障和改善民生，着力建设德才兼备的高素质执政骨干队伍。\n');
INSERT INTO `learn` VALUES ('285', '习近平总书记在中央办公厅回访河南的调研报告上作出的重要批示的内容是什么？\n\n答：河南各级党组织要把作风转变的好势头保持下去，强化管党治党意识，在加强基层组织建设，发挥党组织战斗堡垒作用和共产党员先锋模范作用，提高基层干部带领群众致富、做好群众工作的能力上下功夫，下力气解决污染政治生态的各种问题，积极探索加强和改进党的作风建设规律，形成从严治党的长效机制。');

-- ----------------------------
-- Table structure for question
-- ----------------------------
DROP TABLE IF EXISTS `question`;
CREATE TABLE `question` (
  `quesserial` int(11) DEFAULT NULL,
  `quesStem` text,
  `quesAns` text,
  `quesSource` varchar(255) DEFAULT NULL
) ENGINE=InnoDB DEFAULT CHARSET=utf8 ROW_FORMAT=DYNAMIC;

-- ----------------------------
-- Records of question
-- ----------------------------
INSERT INTO `question` VALUES ('1', '习近平总书记要求党的高级干部必须做到信念过硬、#过硬、责任过硬、能力过硬、作风过硬。', '政治', 'A');
INSERT INTO `question` VALUES ('5', '乡村振兴战略的总要求是：产业兴旺、生态宜居、#、治理有效、生活富裕。', '乡风文明', 'A');
INSERT INTO `question` VALUES ('3', '中国共产党同各民主党派实行长期共存、互相监督、#、荣辱与共的基本方针。', '肝胆相照', 'A');
INSERT INTO `question` VALUES ('4', '实现中国梦必须走中国道路，必须弘扬#，必须凝聚中国力量。', '中国精神', 'A');
INSERT INTO `question` VALUES ('2', '党的十九大精神的灵魂和主线是:#。', '习近平新时代中国特色社会主义思想', 'A');
INSERT INTO `question` VALUES ('6', '发展是解决我国一切问题的基础和关键，发展必须是科学发展，必须坚定不移贯彻创新、协调、#、开放、共享的发展理念。', '绿色', 'A');
INSERT INTO `question` VALUES ('7', '高质量发展集中体现了坚持以提高#和效益为中心，是为了更好满足人民日益增长的美好生活需要的发展，是体现新发展理念的发展。', '发展质量', 'A');
INSERT INTO `question` VALUES ('8', '走中国特色社会主义政治发展道路，必须坚持#、人民当家作主、依法治国的有机统一。', '党的领导', 'A');
INSERT INTO `question` VALUES ('9', '我们党只有勇于直面问题，不断增强党自我净化、自我完善、#、自我提高的能力,才能确保党拥有旺盛的生命力和强大的战斗力。', '自我革新', 'A');
INSERT INTO `question` VALUES ('10', '坚持#和集中统一领导是党的政治建设的首要任务。', '党中央权威', 'A');
INSERT INTO `question` VALUES ('11', '推进#结构性改革是当前和今后一个时期经济发展和经济工作的主线。', '供给侧', 'A');
INSERT INTO `question` VALUES ('12', '“一带一路”是指：丝绸之路经济带和#。要着力把“一带一路”建成和平之路、繁荣之路、开放之路、创新之路、文明之路。', '21世纪海上丝绸之路', 'A');
INSERT INTO `question` VALUES ('13', '当前和今后一个时期，全面贯彻落实总体国家安全观，要着重抓好政治安全、国土安全、#安全、社会安全、网络安全、外部安全等重点领域的国家安全工作。', '经济', 'A');
INSERT INTO `question` VALUES ('14', '保障和改善民生要抓住人民最关心最直接最现实的利益问题，既要#，又要量力而行，一件事情接着一件事情办，一年接着一年干。', '尽力而为', 'A');
INSERT INTO `question` VALUES ('15', '党面临的“四种危险”是：精神懈怠的危险、#的危险、脱离群众的危险、消极腐败的危险。', '能力不足', 'A');
INSERT INTO `question` VALUES ('16', '新时代党的建设的主线是：加强党的#能力建设、先进性和纯洁性建设。', '长期执政', 'A');
INSERT INTO `question` VALUES ('17', '乡村振兴战略的总要求是：产业兴旺、生态宜居、乡风文明、治理有效、#。', '生活富裕', 'A');
INSERT INTO `question` VALUES ('18', '党面临的“四种危险”是：精神懈怠的危险、能力不足的危险、#的危险、消极腐败的危险。', '脱离群众', 'A');
INSERT INTO `question` VALUES ('19', '近代以来中华民族最伟大的梦想是：实现#。', '中华民族伟大复兴', 'A');
INSERT INTO `question` VALUES ('20', '#是决定当代中国命运的关键一招,也是决定实现“两个一百年”奋斗目标、实现中华民族伟大复兴的关键一招。', '改革开放', 'A');
INSERT INTO `question` VALUES ('21', '“四个自信”即：中国特色社会主义道路自信、理论自信、制度自信、#。', '文化自信', 'A');
INSERT INTO `question` VALUES ('22', '五大文明是指：物质文明、政治文明、精神文明、社会文明、#文明', '生态', 'A');
INSERT INTO `question` VALUES ('23', '“四个意识”即:政治意识、大局意识、核心意识、#。', '看齐意识', 'A');
INSERT INTO `question` VALUES ('24', '我国社会主要矛盾已经转化为人民日益增长的美好生活需要和#的发展之间的矛盾。', '不平衡不充分', 'A');
INSERT INTO `question` VALUES ('25', '习近平总书记强调的三个“一以贯之”是指：坚持和发展中国特色社会主义要一以贯之，推进党的建设新的伟大工程要一以贯之,增强忧患意识、#要一以贯之。', '防范风险挑战', 'A');
INSERT INTO `question` VALUES ('26', '“四个自信”即：中国特色社会主义#、理论自信、制度自信、文化自信。', '道路自信', 'A');
INSERT INTO `question` VALUES ('27', '当前和今后一个时期，全面贯彻落实总体国家安全观，要着重抓好政治安全、国土安全、经济安全、社会安全、#安全、外部安全等重点领域的国家安全工作。', '网络', 'A');
INSERT INTO `question` VALUES ('28', '中国共产党同各民主党派实行长期共存、互相监督、肝胆相照、#的基本方针。', '荣辱与共', 'A');
INSERT INTO `question` VALUES ('29', '党的十九大把#确立为党必须长期坚持的指导思想并写进党章，实现了党的指导思想的与时俱进。', '习近平新时代中国特色社会主义思想', 'A');
INSERT INTO `question` VALUES ('30', '我们党既要政治过硬，也要本领高强，要增强学习本领、#本领、改革创新本领、科学发展本领、依法执政本领、群众工作本领、狠抓落实本领、驾驭风险本领。', '政治领导', 'A');
INSERT INTO `question` VALUES ('31', '“五位一体”总体布局是指:经济建设、政治建设、文化建设、社会建设、#建设。', '生态文明', 'A');
INSERT INTO `question` VALUES ('32', '习近平总书记指出，中国人民是具有伟大创造精神的人民,具有伟大奋斗精神的人民,具有#精神的人民,具有伟大梦想精神的人民。', '伟大团结', 'A');
INSERT INTO `question` VALUES ('33', '历史和现实反复证明，能否做好意识形态工作，事关党的前途命运，事关#，事关民族凝聚力和向心力。', '国家长治久安', 'A');
INSERT INTO `question` VALUES ('34', '新时代我国法治建设的指导方针是:#、严格执法、公正司法、全民守法。', '科学立法', 'A');
INSERT INTO `question` VALUES ('35', '#已经成为意识形态斗争的主战场、主阵地、最前沿,网络意识形态工作是意识形态工作的重中之重。', '互联网', 'A');
INSERT INTO `question` VALUES ('36', '供给侧结构性改革的“三去一降一补”是指：去#、去库存、去杠杆、降成本、补短板。', '产能', 'A');
INSERT INTO `question` VALUES ('37', '经过长期的努力，中国特色社会主义进入了#，这是我国发展新的历史方位。', '新时代', 'A');
INSERT INTO `question` VALUES ('38', '“两个维护”是指坚决维护习近平总书记#的核心、全党的核心地位，坚决维护党中央权威和集中统一领导。', '党中央', 'A');
INSERT INTO `question` VALUES ('39', '我国社会主要矛盾的变化，没有改变我们对我国社会主义所处历史阶段的判断，我国仍处于并将长期处于社会主义初级阶段的基本国情没有变，我国是世界最大#的国际地位没有变。', '发展中国家', 'A');
INSERT INTO `question` VALUES ('40', '近平新时代中国特色社会主义思想的历史地位是：是对马克思列宁主义、毛泽东思想、邓小平理论、“三个代表”重要思想、#的继承和发展，是马克思主义中国化最新成果，是党和人民实践经验和集体智慧的结晶，是中国特色社会主义理论体系的重要组成部分，是全党全国人民为实现中华民族伟大复兴而奋斗的行动指南。', '科学发展观', 'A');
INSERT INTO `question` VALUES ('41', '习近平总书记指出，中国人民是具有伟大创造精神的人民,具有伟大奋斗精神的人民,具有伟大团结精神的人民,具有#精神的人民。', '伟大梦想', 'A');
INSERT INTO `question` VALUES ('42', '供给侧结构性改革的“三去一降一补”是指：去产能、去#、去杠杆、降成本、补短板。', '库存', 'A');
INSERT INTO `question` VALUES ('43', '实现全面建成小康社会奋斗目标，实现中华民族伟大复兴的中国梦，关键在于培养造就一支具有铁一般信仰、铁一般信念、铁一般纪律、铁一般#的干部队伍。', '担当', 'A');
INSERT INTO `question` VALUES ('44', '改进党的领导方式。着眼于党把方向、谋大局、定政策、促改革，强化战略思维、创新思维、辩证思维、法治思维、底线思维，正确制定和坚决执行党的路线方针政策，不断增强党的#、思想引领力、群众组织力、社会号召力。', '政治领导力', 'A');
INSERT INTO `question` VALUES ('45', '领导干部要带头学理论、强信念，筑牢信仰之基，#，把稳思想之舵。', '补足精神之钙', 'A');
INSERT INTO `question` VALUES ('46', '创新是引领发展的第一动力，协调是持续健康发展的内在要求，绿色是永续发展的必要条件，开放是国家繁荣发展的必由之路，共享是中国特色社会主义的本质要求。', '', 'A');
INSERT INTO `question` VALUES ('47', '中国共产党同各民主党派实行长期共存、#、肝胆相照、荣辱与共的基本方针。', '互相监督', 'A');
INSERT INTO `question` VALUES ('48', '“一带一路”是指：#和21世纪海上丝绸之路。要着力把“一带一路”建成和平之路、繁荣之路、开放之路、创新之路、文明之路。', '丝绸之路经济带', 'A');
INSERT INTO `question` VALUES ('49', '“五位一体”总体布局是指:经济建设、政治建设、#建设、社会建设、生态文明建设。', '文化', 'A');
INSERT INTO `question` VALUES ('50', '近平新时代中国特色社会主义思想的历史地位是：是对马克思列宁主义、#、邓小平理论、“三个代表”重要思想、科学发展观的继承和发展，是马克思主义中国化最新成果，是党和人民实践经验和集体智慧的结晶，是中国特色社会主义理论体系的重要组成部分，是全党全国人民为实现中华民族伟大复兴而奋斗的行动指南。', '毛泽东思想', 'A');
INSERT INTO `question` VALUES ('51', '实现全面建成小康社会奋斗目标，实现中华民族伟大复兴的中国梦，关键在于培养造就一支具有铁一般#、铁一般信念、铁一般纪律、铁一般担当的干部队伍。', '信仰', 'A');
INSERT INTO `question` VALUES ('52', '全面建成小康社会决胜期的“三大攻坚战”是指：坚决打好防范化解重大风险、精准脱贫、#的攻坚战。', '污染防治', 'A');
INSERT INTO `question` VALUES ('53', '党的“三大优良作风”是：理论联系实际、#、批评与自我批评。', '密切联系群众', 'A');
INSERT INTO `question` VALUES ('54', '走中国特色社会主义政治发展道路，必须坚持党的领导、人民当家作主、#的有机统一。', '依法治国', 'A');
INSERT INTO `question` VALUES ('55', '党的十九大的主题是：不忘初心，牢记使命，高举中国特色社会主义伟大旗帜，决胜全面建成#，夺取新时代中国特色社会主义伟大胜利，为实现中华民族伟大复兴的中国梦不懈奋斗。', '小康社会', 'A');
INSERT INTO `question` VALUES ('56', '我们党是代表最广大人民利益的政党，一切工作的成败得失必然要由人民群众来检验，以人民#、赞成不赞成、高兴不高兴、答应不答应作为根本标准。', '拥护不拥护', 'A');
INSERT INTO `question` VALUES ('57', '习近平总书记要求党的高级干部必须做到信念过硬、政治过硬、责任过硬、能力过硬、#过硬。', '作风', 'A');
INSERT INTO `question` VALUES ('58', '习近平总书记指出，中国人民是具有#精神的人民,具有伟大奋斗精神的人民,具有伟大团结精神的人民,具有伟大梦想精神的人民。', '伟大创造', 'A');
INSERT INTO `question` VALUES ('59', '党员要强化党的意识和组织观念，自觉做到思想上认同组织、政治上依靠组织、工作上服从组织、#组织。', '感情上信赖', 'A');
INSERT INTO `question` VALUES ('60', '党的“三大优良作风”是：#、密切联系群众、批评与自我批评。', '理论联系实际', 'A');
INSERT INTO `question` VALUES ('61', '中国共产党人的初心和使命是：为#谋幸福，为中华民族谋复兴。', '中国人民', 'A');
INSERT INTO `question` VALUES ('62', '改革必须坚持正确方向，既不走#的老路、也不走改旗易帜的邪路。', '封闭僵化', 'A');
INSERT INTO `question` VALUES ('63', '“五位一体”总体布局是指:经济建设、#建设、文化建设、社会建设、生态文明建设。', '政治', 'A');
INSERT INTO `question` VALUES ('64', '党面临的“四大考验”是：执政考验、改革开放考验、市场经济考验、#考验。', '外部环境', 'A');
INSERT INTO `question` VALUES ('65', '中国梦的本质是国家富强、#、人民幸福。', '民族振兴', 'A');
INSERT INTO `question` VALUES ('66', '中国实行工人阶级领导的、以工农联盟为基础的人民民主专政的国体，实行#制度的政体，实行中国共产党领导的多党合作和政治协商制度,实行民族区域自治制度,实行基层群众自治制度，具有鲜明的中国特色。', '人民代表大会', 'A');
INSERT INTO `question` VALUES ('67', '习近平指出，#，是教育的首要问题。', '培养什么人', 'A');
INSERT INTO `question` VALUES ('68', '实现全面建成小康社会奋斗目标，实现中华民族伟大复兴的中国梦，关键在于培养造就一支具有铁一般信仰、铁一般#、铁一般纪律、铁一般担当的干部队伍。', '信念', 'A');
INSERT INTO `question` VALUES ('69', '#的领导是中国特色社会主义最本质的特征，是中国特色社会主义制度的最大优势。', '中国共产党', 'A');
INSERT INTO `question` VALUES ('70', '供给侧结构性改革的“三去一降一补”是指：去产能、去库存、去#、降成本、补短板。', '杠杆', 'A');
INSERT INTO `question` VALUES ('71', '当前和今后一个时期，全面贯彻落实总体国家安全观，要着重抓好政治安全、国土安全、经济安全、#安全、网络安全、外部安全等重点领域的国家安全工作。', '社会', 'A');
INSERT INTO `question` VALUES ('72', '我国社会主要矛盾的变化，没有改变我们对我国社会主义所处历史阶段的判断，我国仍处于并将长期处于社会主义#的基本国情没有变，我国是世界最大发展中国家的国际地位没有变。', '初级阶段', 'A');
INSERT INTO `question` VALUES ('73', '全面深化改革的总目标是#中国特色社会主义制度，推进国家治理体系和治理能力现代化。', '完善和发展', 'A');
INSERT INTO `question` VALUES ('74', '党面临的“四种危险”是：精神懈怠的危险、能力不足的危险、脱离群众的危险、#的危险。', '消极腐败', 'A');
INSERT INTO `question` VALUES ('75', '“四个意识”即:政治意识、大局意识、#、看齐意识。', '核心意识', 'A');
INSERT INTO `question` VALUES ('76', '党的根本性建设是党的#建设，决定党的建设方向和效果。', '政治', 'A');
INSERT INTO `question` VALUES ('77', '习近平在学校思想政治理论课教师座谈会上强调，办好思想政治理论课，最根本的是要全面贯彻党的教育方针，解决好培养什么人、怎样培养人、#这个根本问题。', '为谁培养人', 'A');
INSERT INTO `question` VALUES ('78', '新时代党的组织路线：全面贯彻#，以组织体系建设为重点，着力培养忠诚干净担当的高素质干部。', '新时代中国特色社会主义思想', 'A');
INSERT INTO `question` VALUES ('79', '五大文明是指：物质文明、政治文明、#文明、社会文明、生态文明', '精神', 'A');
INSERT INTO `question` VALUES ('80', '党面临的“四大考验”是：执政考验、改革开放考验、#考验、外部环境考验。', '市场经济', 'A');
INSERT INTO `question` VALUES ('81', '改革必须坚持正确方向，既不走封闭僵化的老路、也不走#的邪路。', '改旗易帜', 'A');
INSERT INTO `question` VALUES ('82', '“四个自信”即：中国特色社会主义道路自信、理论自信、#、文化自信。', '制度自信', 'A');
INSERT INTO `question` VALUES ('83', '习近平总书记强调，全党同志要加强党性锻炼，不断提高政治觉悟和政治能力，把#、为党分忧、为党尽职、为民造福作为根本政治担当，永葆共产党人政治本色。', '对党忠诚', 'A');
INSERT INTO `question` VALUES ('84', '实现中国梦必须#，必须弘扬中国精神，必须凝聚中国力量。', '走中国道路', 'A');
INSERT INTO `question` VALUES ('85', '全面推进依法治国的总目标是：建设中国特色社会主义法治体系，建设#国家。', '社会主义法治', 'A');
INSERT INTO `question` VALUES ('86', '“四个自信”即：中国特色社会主义道路自信、#、制度自信、文化自信。', '理论自信', 'A');
INSERT INTO `question` VALUES ('87', '我国宗教的主要特征是：宗教具有#、群众性、民族性、国际性、复杂性。', '长期性', 'A');
INSERT INTO `question` VALUES ('88', '党的十九大报告提出，要坚定实施#战略、人才强国战略、创新驱动发展战略、乡村振兴战略、区域协调发展战略、可持续发展战略、军民融合发展战略。', '科教兴国', 'A');
INSERT INTO `question` VALUES ('89', '中国梦的本质是国家富强、民族振兴、#。', '人民幸福', 'A');
INSERT INTO `question` VALUES ('90', '乡村振兴战略的总要求是：#、生态宜居、乡风文明、治理有效、生活富裕。', '产业兴旺', 'A');
INSERT INTO `question` VALUES ('91', '改进党的领导方式。着眼于党把方向、谋大局、定政策、促改革，强化战略思维、创新思维、辩证思维、法治思维、#，正确制定和坚决执行党的路线方针政策，不断增强党的政治领导力、思想引领力、群众组织力、社会号召力。', '底线思维', 'A');
INSERT INTO `question` VALUES ('92', '“四个全面”战略布局是指：全面建设社会主义现代化国家、全面深化改革、全面#、全面从严治党。', '依法治国', 'A');
INSERT INTO `question` VALUES ('93', '习近平总书记要求党的高级干部必须做到信念过硬、政治过硬、责任过硬、#过硬、作风过硬。', '能力', 'A');
INSERT INTO `question` VALUES ('94', '党的十九大报告强调的“四个伟大”是指:伟大斗争、伟大工程、伟大#、伟大梦想。其中起决定性作用的是党的建设新的伟大工程。', '事业', 'A');
INSERT INTO `question` VALUES ('95', '从党的十九大到党的二十大，是“两个一百年”奋斗目标的历史交汇期。我们既要全面建成小康社会、实现第一个百年奋斗目标，又要乘势而上开启全面建设#现代化国家新征程，向第二个百年奋斗目标进军。', '社会主义', 'A');
INSERT INTO `question` VALUES ('96', '习近平总书记指出，中国人民是具有伟大创造精神的人民,具有#精神的人民,具有伟大团结精神的人民,具有伟大梦想精神的人民。', '伟大奋斗', 'A');
INSERT INTO `question` VALUES ('97', '新时期好干部标准是：信念坚定、#、勤政务实、敢于担当、清正廉洁。', '为民服务', 'A');
INSERT INTO `question` VALUES ('98', '我们党既要政治过硬，也要本领高强，要增强学习本领、政治领导本领、改革创新本领、#本领、依法执政本领、群众工作本领、狠抓落实本领、驾驭风险本领。', '科学发展', 'A');
INSERT INTO `question` VALUES ('99', '“两个维护”是指坚决维护习近平总书记党中央的核心、全党的核心地位，坚决维护党中央权威和#。', '集中统一领导', 'A');
INSERT INTO `question` VALUES ('100', '#和纯洁性是马克思主义政党的本质属性。', '先进性', 'A');
INSERT INTO `question` VALUES ('101', '改进党的领导方式。着眼于党把方向、谋大局、定政策、促改革，强化战略思维、创新思维、辩证思维、法治思维、底线思维，正确制定和坚决执行党的路线方针政策，不断增强党的政治领导力、思想引领力、#、社会号召力。', '群众组织力', 'A');
INSERT INTO `question` VALUES ('102', '习近平总书记指出，经济建设是党的中心工作，#工作是党的一项极端重要的工作。', '意识形态', 'A');
INSERT INTO `question` VALUES ('103', '历史和现实反复证明，能否做好意识形态工作，事关党的前途命运，事关国家长治久安，事关民族凝聚力和#。', '向心力', 'A');
INSERT INTO `question` VALUES ('104', '“五位一体”总体布局是指:#建设、政治建设、文化建设、社会建设、生态文明建设。', '经济', 'A');
INSERT INTO `question` VALUES ('105', '我国社会主要矛盾已经转化为人民日益增长的#和不平衡不充分的发展之间的矛盾。', '美好生活需要', 'A');
INSERT INTO `question` VALUES ('106', '“两学一做”学习教育，指的是“#、学系列讲话，做合格党员”学习教育。', '学党章党规', 'A');
INSERT INTO `question` VALUES ('107', '中国共产党同各民主党派实行#、互相监督、肝胆相照、荣辱与共的基本方针。', '长期共存', 'A');
INSERT INTO `question` VALUES ('108', '“三严三实”是指：严以修身、#、严以律己，谋事要实、创业要实、做人要实。', '严以用权', 'A');
INSERT INTO `question` VALUES ('109', '五大文明是指：物质文明、#文明、精神文明、社会文明、生态文明', '政治', 'A');
INSERT INTO `question` VALUES ('110', '历史和现实反复证明，能否做好意识形态工作，事关#，事关国家长治久安，事关民族凝聚力和向心力。', '党的前途命运', 'A');
INSERT INTO `question` VALUES ('111', '中国实行工人阶级领导的、以工农联盟为基础的人民民主专政的国体，实行人民代表大会制度的政体，实行#领导的多党合作和政治协商制度,实行民族区域自治制度,实行基层群众自治制度，具有鲜明的中国特色。', '中国共产党', 'A');
INSERT INTO `question` VALUES ('112', '习近平总书记强调的三个“一以贯之”是指：坚持和发展中国特色社会主义要一以贯之，推进党的建设新的#要一以贯之,增强忧患意识、防范风险挑战要一以贯之。', '伟大工程', 'A');
INSERT INTO `question` VALUES ('113', '干部选拔任用 “凡提四必”，即讨论决定前，对拟提拔或进一步使用人选的干部档案必审、#报告必核、纪检监察机关意见必听、线索具体的信访举报必查，坚决防止“带病提拔”。', '个人有关事项', 'A');
INSERT INTO `question` VALUES ('114', '建设社会主义生态文明，要树立尊重自然、顺应自然、保护自然的生态文明理念，增强绿水青山就是#的意识，坚持节约资源和保护环境的基本国策，坚持节约优先、保护优先、自然恢复为主的方针，坚持生产发展、生活富裕、生态良好的文明发展道路。', '金山银山', 'A');
INSERT INTO `question` VALUES ('115', '勇于自我革命，#，是我们党最鲜明的品格。', '从严管党治党', 'A');
INSERT INTO `question` VALUES ('116', '党面临的“四大考验”是：执政考验、#考验、市场经济考验、外部环境考验。', '改革开放', 'A');
INSERT INTO `question` VALUES ('117', '中国共产党人的初心和使命是：为中国人民谋幸福，为中华民族谋#。', '复兴', 'A');
INSERT INTO `question` VALUES ('118', '党的十九大报告强调的“四个伟大”是指:伟大斗争、伟大#、伟大事业、伟大梦想。其中起决定性作用的是党的建设新的伟大工程。', '工程', 'A');
INSERT INTO `question` VALUES ('119', '习近平总书记要求党的高级干部必须做到#过硬、政治过硬、责任过硬、能力过硬、作风过硬。', '信念', 'A');
INSERT INTO `question` VALUES ('120', '党的十九大的主题是：不忘初心，牢记使命，高举#伟大旗帜，决胜全面建成小康社会，夺取新时代中国特色社会主义伟大胜利，为实现中华民族伟大复兴的中国梦不懈奋斗。', '中国特色社会主义', 'A');
INSERT INTO `question` VALUES ('121', '坚持和发展#是改革开放以来党的全部理论和实践的主题，是当代中国发展进步的根本方向。', '中国特色社会主义', 'A');
INSERT INTO `question` VALUES ('122', '当前和今后一个时期，全面贯彻落实总体国家安全观，要着重抓好#安全、国土安全、经济安全、社会安全、网络安全、外部安全等重点领域的国家安全工作。', '政治', 'A');
INSERT INTO `question` VALUES ('123', '乡村振兴战略的总要求是：产业兴旺、生态宜居、乡风文明、#、生活富裕。', '治理有效', 'A');
INSERT INTO `question` VALUES ('124', '发展是解决我国一切问题的基础和关键，发展必须是科学发展，必须坚定不移贯彻创新、#、绿色、开放、共享的发展理念。', '协调', 'A');
INSERT INTO `question` VALUES ('125', '全面深化改革的总目标是完善和发展中国特色社会主义制度，推进#和治理能力现代化。', '国家治理体系', 'A');
INSERT INTO `question` VALUES ('126', '全面建成小康社会决胜期的“三大攻坚战”是指：坚决打好防范化解重大风险、#、污染防治的攻坚战。', '精准脱贫', 'A');
INSERT INTO `question` VALUES ('127', '党员要强化党的意识和组织观念，自觉做到思想上认同组织、政治上依靠组织、#组织、感情上信赖组织。', '工作上服从', 'A');
INSERT INTO `question` VALUES ('128', '构建#重要战略思想，是习近平总书记着眼人类发展和世界前途提出的中国理念、中国方案。', '人类命运共同体', 'A');
INSERT INTO `question` VALUES ('129', '人民对#的向往就是我们的奋斗目标。', '美好生活', 'A');
INSERT INTO `question` VALUES ('130', '党的十九大的主题是：不忘初心，牢记使命，高举中国特色社会主义伟大旗帜，决胜全面建成小康社会，夺取新时代中国特色社会主义伟大胜利，为实现#的中国梦不懈奋斗。', '中华民族伟大复兴', 'A');
INSERT INTO `question` VALUES ('131', '五大文明是指：#文明、政治文明、精神文明、社会文明、生态文明', '物质', 'A');
INSERT INTO `question` VALUES ('132', '实现中国梦必须走中国道路，必须弘扬中国精神，必须凝聚#。', '中国力量', 'A');
INSERT INTO `question` VALUES ('133', '#始终是党的生命线和根本工作路线，是我们党永葆青春活力和战斗力的重要传家宝。', '群众路线', 'A');
INSERT INTO `question` VALUES ('134', '党面临的“四大考验”是：#考验、改革开放考验、市场经济考验、外部环境考验。', '执政', 'A');
INSERT INTO `question` VALUES ('135', '五大文明是指：物质文明、政治文明、精神文明、#文明、生态文明', '社会', 'A');
INSERT INTO `question` VALUES ('136', '全面建成小康社会决胜期的“三大攻坚战”是指：坚决打好#、精准脱贫、污染防治的攻坚战。', '防范化解重大风险', 'A');
INSERT INTO `question` VALUES ('137', '习近平强调，做好新形势下宣传思想工作，必须自觉承担起举旗帜、#、育新人、兴文化、展形象的使命任务。', '聚民心', 'A');
INSERT INTO `question` VALUES ('138', '发展是解决我国一切问题的基础和关键，发展必须是科学发展，必须坚定不移贯彻创新、协调、绿色、#、共享的发展理念。', '开放', 'A');
INSERT INTO `question` VALUES ('139', '社会主义核心价值观的内容是：富强、民主、文明、和谐，自由、#、公正、法治，爱国、敬业、诚信、友善。', '平等', 'A');
INSERT INTO `question` VALUES ('140', '党的十九大强调，要使市场在资源配置中起决定性作用，更好发挥#作用。', '政府', 'A');
INSERT INTO `question` VALUES ('141', '中国实行#领导的、以工农联盟为基础的人民民主专政的国体，实行人民代表大会制度的政体，实行中国共产党领导的多党合作和政治协商制度,实行民族区域自治制度,实行基层群众自治制度，具有鲜明的中国特色。', '工人阶级', 'A');
INSERT INTO `question` VALUES ('142', '发展是解决我国一切问题的基础和关键，发展必须是科学发展，必须坚定不移贯彻#、协调、绿色、开放、共享的发展理念。', '创新', 'A');
INSERT INTO `question` VALUES ('143', '改革必须坚持#，既不走封闭僵化的老路、也不走改旗易帜的邪路。', '正确方向', 'A');
INSERT INTO `question` VALUES ('144', '当前和今后一个时期，全面贯彻落实总体国家安全观，要着重抓好政治安全、#安全、经济安全、社会安全、网络安全、外部安全等重点领域的国家安全工作。', '国土', 'A');
INSERT INTO `question` VALUES ('145', '走中国特色社会主义政治发展道路，必须坚持党的领导、#、依法治国的有机统一。', '人民当家作主', 'A');
INSERT INTO `question` VALUES ('146', '党员要强化党的意识和组织观念，自觉做到思想上认同组织、#组织、工作上服从组织、感情上信赖组织。', '政治上依靠', 'A');
INSERT INTO `question` VALUES ('147', '“四个意识”即:#、大局意识、核心意识、看齐意识。', '政治意识', 'A');
INSERT INTO `question` VALUES ('148', '中国梦的本质是#、民族振兴、人民幸福。', '国家富强', 'A');
INSERT INTO `question` VALUES ('149', '党的十九大报告强调的“四个伟大”是指:伟大#、伟大工程、伟大事业、伟大梦想。其中起决定性作用的是党的建设新的伟大工程。', '斗争', 'A');
INSERT INTO `question` VALUES ('150', '中国实行工人阶级领导的、以#为基础的人民民主专政的国体，实行人民代表大会制度的政体，实行中国共产党领导的多党合作和政治协商制度,实行民族区域自治制度,实行基层群众自治制度，具有鲜明的中国特色。', '工农联盟', 'A');
INSERT INTO `question` VALUES ('151', '我国经济已由高速增长阶段转向#阶段，正处在转变发展方式、优化经济结构、转换增长动力的攻关期，建设现代化经济体系是跨越关口的迫切要求和我国发展的战略目标。', '高质量发展', 'A');
INSERT INTO `question` VALUES ('152', '“四个意识”即:政治意识、#、核心意识、看齐意识。', '大局意识', 'A');
INSERT INTO `question` VALUES ('153', '当前和今后一个时期，全面贯彻落实总体国家安全观，要着重抓好政治安全、国土安全、经济安全、社会安全、网络安全、#安全等重点领域的国家安全工作。', '外部', 'A');
INSERT INTO `question` VALUES ('154', '#是党的根本政治立场。', '人民立场', 'A');
INSERT INTO `question` VALUES ('155', '乡村振兴战略的总要求是：产业兴旺、#、乡风文明、治理有效、生活富裕。', '生态宜居', 'A');
INSERT INTO `question` VALUES ('156', '发展是解决我国一切问题的基础和关键，发展必须是科学发展，必须坚定不移贯彻创新、协调、绿色、开放、#的发展理念。', '共享', 'A');
INSERT INTO `question` VALUES ('157', '党的建设总体布局是：全面推进党的#、思想建设、组织建设、作风建设、纪律建设，把制度建设贯穿其中，深入推进反腐败斗争。', '政治建设', 'A');
INSERT INTO `question` VALUES ('158', '把党的政治建设摆在首位，必须做到坚决防止和反对#、分散主义、自由主义、本位主义、好人主义，坚决防止和反对宗派主义、圈子文化，码头文化，坚决反对搞两面派、做两面人。', '个人主义', 'A');
INSERT INTO `question` VALUES ('159', '“两不愁三保障”是指不愁吃、不愁穿，#、基本医疗、住房安全有保障。', '义务教育', 'A');
INSERT INTO `question` VALUES ('160', '党的十九大强调，要使#在资源配置中起决定性作用，更好发挥政府作用。', '市场', 'A');
INSERT INTO `question` VALUES ('161', '习近平总书记要求党的高级干部必须做到信念过硬、政治过硬、#过硬、能力过硬、作风过硬。', '责任', 'A');
INSERT INTO `question` VALUES ('162', '习近平总书记强调的三个“一以贯之”是指：坚持和发展#要一以贯之，推进党的建设新的伟大工程要一以贯之,增强忧患意识、防范风险挑战要一以贯之。', '中国特色社会主义', 'A');
INSERT INTO `question` VALUES ('163', '党员要强化党的意识和组织观念，自觉做到#组织、政治上依靠组织、工作上服从组织、感情上信赖组织。', '思想上认同', 'A');
INSERT INTO `question` VALUES ('164', '“四个全面”战略布局是指：全面建设社会主义现代化国家、全面#、全面依法治国、全面从严治党。', '深化改革', 'A');
INSERT INTO `question` VALUES ('165', '新时代全国高等学校本科教育工作会议指出，我们将把#、回归本分、回归初心、回归梦想作为高校改革发展的基本遵循，激励学生刻苦读书学习，引导教师潜心教书育人，努力培养德智体美全面发展的社会主义建设者和接班人，加快建设高等教育强国。', '回归常识', 'A');
INSERT INTO `question` VALUES ('166', '改进党的领导方式。着眼于党把方向、谋大局、定政策、促改革，强化#、创新思维、辩证思维、法治思维、底线思维，正确制定和坚决执行党的路线方针政策，不断增强党的政治领导力、思想引领力、群众组织力、社会号召力。', '战略思维', 'A');
INSERT INTO `question` VALUES ('167', '国家治理体系和#是一个国家的制度和制度执行能力的集中体现。', '治理能力', 'A');
INSERT INTO `question` VALUES ('168', '“四个全面”战略布局是指：全面建设社会主义现代化国家、全面深化改革、全面依法治国、全面#。', '从严治党', 'A');
INSERT INTO `question` VALUES ('169', '我们将努力建设高素质教师队伍，把#作为教师素质评价的第一标准，引导教师以德立身、以德立学、以德施教，更好担当起学生健康成长指导者和引路人的责任。', '师德师风', 'A');
INSERT INTO `question` VALUES ('170', '供给侧结构性改革的“三去一降一补”是指：去产能、去库存、去杠杆、降成本、补#。', '短板', 'A');
INSERT INTO `question` VALUES ('171', '加强意识形态阵地建设和管理，要认真贯彻主管主办和#原则，切实做到守土有责、守土负责、守土尽责，决不给错误思想观点提供传播渠道。', '属地管理', 'A');
INSERT INTO `question` VALUES ('172', '#是实现国家繁荣富强的根本出路。', '全面开放', 'A');
INSERT INTO `question` VALUES ('173', '党的十九大报告强调的“四个伟大”是指:伟大斗争、伟大工程、伟大事业、伟大#。其中起决定性作用的是党的建设新的伟大工程。', '梦想', 'A');
INSERT INTO `question` VALUES ('174', '“四个全面”战略布局是指：全面建设#、全面深化改革、全面依法治国、全面从严治党。', '社会主义现代化国家', 'A');
INSERT INTO `question` VALUES ('175', '习近平在全国教育大会上强调，加强党对教育工作的#，是办好教育的根本保证。', '全面领导', 'A');
INSERT INTO `question` VALUES ('176', '当前和今后一个时期，我国经济发展面临的问题,供给和需求两侧都有，但矛盾的主要方面在#。', '供给侧', 'A');
INSERT INTO `question` VALUES ('177', '党的十九大报告指出，要增强政治领导本领,坚持战略思维、创新思维、#、法治思维、底线思维,科学制定和坚决执行党的路线方针政策，把党总揽全局、协调各方落到实处。', '辩证思维', 'A');
INSERT INTO `question` VALUES ('178', '“五位一体”总体布局是指:经济建设、政治建设、文化建设、#建设、生态文明建设。', '社会', 'A');
INSERT INTO `question` VALUES ('179', '#的问题，是检验一个政党、一个政权性质的试金石。', '为什么人', 'A');
INSERT INTO `question` VALUES ('180', '从党的十九大到党的二十大，是“两个一百年”奋斗目标的历史交汇期。我们既要全面建成#、实现第一个百年奋斗目标，又要乘势而上开启全面建设社会主义现代化国家新征程，向第二个百年奋斗目标进军。', '小康社会', 'A');
INSERT INTO `question` VALUES ('181', '党的作风建设的核心问题是保持党同#的血肉联系。', '人民群众', 'A');
INSERT INTO `question` VALUES ('182', '党面临的“四种危险”是：#的危险、能力不足的危险、脱离群众的危险、消极腐败的危险。', '精神懈怠', 'A');
INSERT INTO `question` VALUES ('183', '供给侧结构性改革的“三去一降一补”是指：去产能、去库存、去杠杆、降#、补短板。', '成本', 'A');
INSERT INTO `question` VALUES ('184', '社会主义民主政治的本质特征是#。', '人民当家作主', 'A');
INSERT INTO `question` VALUES ('185', '习近平总书记指出，对人民内部矛盾，要善于运用#、民主、协商的办法进行处理。', '法治', 'A');
INSERT INTO `question` VALUES ('186', '习近平强调，做好党的新闻舆论工作，事关#，事关贯彻落实党的理论和路线方针政策，事关顺利推进党和国家各项事业，事关全党全国各族人民凝聚力和向心力，事关党和国家前途命运。', '旗帜和道路', 'A');
INSERT INTO `question` VALUES ('187', '贯穿习近平新时代中国特色社会主义思想的科学思想方法和工作方法有：坚持实事求是；#；坚持问题导向;坚持全面协调;坚持底线思维;坚持调查研究;坚持抓铁有痕；坚持历史担当。', '坚持战略定力', 'A');
INSERT INTO `question` VALUES ('188', '坚持正确#导向，是严肃党内政治生活的组织保证。', '选人用人', 'B');
INSERT INTO `question` VALUES ('189', '#是最根本的党内法规，是管党治党的总规矩。', '党章', 'B');
INSERT INTO `question` VALUES ('190', '科学发展观的核心是#。', '以人为本', 'B');
INSERT INTO `question` VALUES ('191', '“毛泽东思想”这一概念的提出者是#。', '王稼祥', 'B');
INSERT INTO `question` VALUES ('192', '在新世纪新时代，经济和社会发展的战略目标是:到建党一百年时，全面建成小康社会;到新中国成立一百年时，全面建成#。', '社会主义现代化强国', 'B');
INSERT INTO `question` VALUES ('193', '根据《党委（党组）落实全面从严治党主体责任规定》，地方党委应将党的建设与#发展同谋划、同部署、同推进、同考核，加强对本地区全面从严治党各项工作的领导。', '经济社会', 'B');
INSERT INTO `question` VALUES ('194', '#纪律是党最根本、最重要的纪律，遵守党的政治纪律是遵守党的全部纪律的基础。', '政治', 'B');
INSERT INTO `question` VALUES ('195', '改革开放以来我们取得一切成绩和进步的根本原因，归结起来就是:开辟了#道路,形成了中国特色社会主义理论体系，确立了中国特色社会主义制度,发展了中国特色社会主义文化。', '中国特色社会主义', 'B');
INSERT INTO `question` VALUES ('196', '1945年4月23日至6月11日，党的七大在#举行。这次会议将毛泽东思想作为党的指导思想写入党章。党的七大提出的党的任务是：放手发动群众，壮大人民力量，领导人民打败日本侵略者，解放全国人民，建立一个独立、自由、民主、统一、富强的新中国。', '延安', 'B');
INSERT INTO `question` VALUES ('197', '1964年10月16日，在中国西部的#试验基地成功爆炸第一颗原子弹，有力地打破了超级大国的核垄断和核讹诈，提高了我国的国际地位。', '罗布泊', 'B');
INSERT INTO `question` VALUES ('198', '三重一大制度包括：重大问题决策、重要干部任免、#、大额资金使用。', '重大项目投资决策', 'B');
INSERT INTO `question` VALUES ('199', '“两个务必”是：务必继续保持谦虚、谨慎、不骄、不躁的作风，务必继续保持#的作风。', '艰苦奋斗', 'B');
INSERT INTO `question` VALUES ('200', '《中国共产党问责条例》规定，受到问责的党的领导干部应当向#写出书面检讨，并在民主生活会或者其他党的会议上作出深刻检查。', '问责决定机关', 'B');
INSERT INTO `question` VALUES ('201', '中国共产党是#的先锋队，同时是中国人民和中华民族的先锋队，是中国特色社会主义事业的领导核心，代表中国先进生产力的发展要求，代表中国先进文化的前进方向，代表中国最广大人民的根本利益。', '中国工人阶级', 'B');
INSERT INTO `question` VALUES ('202', '党的纪律主要包括:政治纪律、组织纪律、#纪律、群众纪律、工作纪律、生活纪律。', '廉洁', 'B');
INSERT INTO `question` VALUES ('203', '党风问题、党同#联系问题是关系党生死存亡的问题。', '人民群众', 'B');
INSERT INTO `question` VALUES ('204', '党内政治生活基本规范：以实事求是、理论联系实际、密切联系群众、#、民主集中制、严明党的纪律为主要内容。', '批评与自我批评', 'B');
INSERT INTO `question` VALUES ('205', '1997年7月1日,香港回归祖国,标志着邓小平“#”构想获得巨大成功。', '一国两制', 'B');
INSERT INTO `question` VALUES ('206', '建设社会主义生态文明，要坚持节约优先、保护优先、#为主的方针。', '自然恢复', 'B');
INSERT INTO `question` VALUES ('207', '中国共产党以马克思列宁主义、毛泽东思想、邓小平理论、“三个代表”重要思想、科学发展观、#作为自己的行动指南。', '习近平新时代中国特色社会主义思想', 'B');
INSERT INTO `question` VALUES ('208', '党内监督的重点对象是党的#和领导干部特别是主要领导干部。', '领导机关', 'B');
INSERT INTO `question` VALUES ('209', '“五反”运动：反对#、反对偷税漏税、反对盗骗国家财产、反对偷工减料、反对盗窃国家经济情报。', '行贿', 'B');
INSERT INTO `question` VALUES ('210', '#打响了武装反抗国民党反动派的第一枪，标志着中国共产党独立领导革命战争、创建人民军队和武装夺取政权的开始。', '南昌起义', 'B');
INSERT INTO `question` VALUES ('211', '党的“六大纪律”包括：政治经律、组织经律、#、群众纪律、工作纪律、生活纪律。', '廉洁纪律', 'B');
INSERT INTO `question` VALUES ('212', '党的基层委员会由#大会或党员代表大会选举产生，每届任期一般为3年至5年。', '党员', 'B');
INSERT INTO `question` VALUES ('213', '党的“四条路线”是指：政治路线、#路线、组织路线、群众路线。', '思想', 'B');
INSERT INTO `question` VALUES ('214', '#年9月15日至27日在北京政协礼堂召开的中国共产党第八次全国代表大会是新中国成立之后召开的第一个全国代表大会。党的八大，正确分析了社会主义社会制度基本建立之后国内外形势和国内主要矛盾的变化，强调社会主义改造基本完成后，党和国家面临的最重要的任务是保护和发展生产力。', '1956', 'B');
INSERT INTO `question` VALUES ('215', '《中国共产党纪律处分条例》强调，要重点查处党的十八大以来不收敛、不收手，问题线索反映集中、群众反映强烈，政治问题和经济问题交织的腐败案件，违反中央#精神的问题。', '八项规定', 'B');
INSERT INTO `question` VALUES ('216', '1919年，李大钊在《新青年》杂志发表了《#》一文，系统地介绍了马克思主义的唯物史观、政治经济学和科学社会主义的基本原理。', '我的马克思主义观', 'B');
INSERT INTO `question` VALUES ('217', '党的根本组织原则是#。', '民主集中制', 'B');
INSERT INTO `question` VALUES ('218', '1981年6月，党的十一届#中全会通过《关于建国以来党的若干历史问题的决议》，标志着党在指导思想上的拨乱反正胜利完成。', '六', 'B');
INSERT INTO `question` VALUES ('219', '党员受到警告处分一年内、受到#处分一年半内，不得在党内提升职务和向党外组织推荐担任高于其原任职务的党外职务。', '严重警告', 'B');
INSERT INTO `question` VALUES ('220', '1935年1月15日至17日，遵义会议召开。遵义会议的主要内容：批判了博古、李德等人错误的政治路线和军事路线，肯定了毛泽东的军事作战基本原则，改组了党和红军的领导，实际上确立了#在党和红军中的领导地位。', '毛泽东', 'B');
INSERT INTO `question` VALUES ('221', '《中国共产党党和国家机关基层组织工作条例》指出，各级党委（党组）要切实履行全面从严治党#责任，把机关党的建设摆在重要位置来抓，推动机关党的建设始终走在前、作表率。', '主体', 'B');
INSERT INTO `question` VALUES ('222', '中国共产党第#次全国代表大会的中心议题是正式建立中国共产党。', '一', 'B');
INSERT INTO `question` VALUES ('223', '党的最高理想和最终目标是#。', '实现共产主义', 'B');
INSERT INTO `question` VALUES ('224', '留党察看期间，受处分党员不享有#权、选举权、被选举权。', '表决', 'B');
INSERT INTO `question` VALUES ('225', '党的民主集中制的“四个服从”主要包括：党员个人服从党的组织，#，下级组织服从上级组织,全党各个组织和全体党员服从党的全国代表大会和中央委员会。', '少数服从多数', 'B');
INSERT INTO `question` VALUES ('226', '解放战争中的三大战役：辽沈战役、淮海战役、#。历时最长、规模最大、歼敌数量最多的是淮海战役。', '平津战役', 'B');
INSERT INTO `question` VALUES ('227', '四个自我是指：自我净化、自我完善、#、自我提高。', '自我革新', 'B');
INSERT INTO `question` VALUES ('228', '1982年9月，#在党的十二大开幕词中明确提出：“把马克思主义的普遍真理同我国的具体实际结合起来，走自己的道路，建设有中国特色的社会主义”。', '邓小平', 'B');
INSERT INTO `question` VALUES ('229', '#是我们党作为马克思主义政党的根本要求。', '旗帜鲜明讲政治', 'B');
INSERT INTO `question` VALUES ('230', '在党员教育工作中，要深入学习领会习近平新时代中国特色社会主义思想的核心要义、基本精神、实践要求，增强#、理论自信和情感融入。', '政治自觉', 'B');
INSERT INTO `question` VALUES ('231', '党的二大于1922年7月16日至23日，在#召开。', '上海', 'B');
INSERT INTO `question` VALUES ('232', '1935年12月17日召开的#会议的内容是：会议着重讨论了全国政治形势和党的策略路线、军事战略，确立了建立抗日民族统一战线的新策略，并相应地调整了各项具体政策。会议通过《中央关于军事战略问题的决议》和《中央关于目前政治形势与党的任务决议》。', '瓦窑堡', 'B');
INSERT INTO `question` VALUES ('233', '对党员的纪律处分有五种:警告、严重警告、撤销党内职务、#、开除党籍。', '留党察看', 'B');
INSERT INTO `question` VALUES ('234', '四个铁一般是指：铁一般信仰、铁一般信念、铁一般#、铁一般担当。', '纪律', 'B');
INSERT INTO `question` VALUES ('235', '党在社会主义初级阶段的基本路线是：领导和团结全国各族人民，以经济建设为中心，坚持#，坚持改革开放，自力更生，艰苦创业，为把我国建设成为富强、民主、文明、和谐、美丽的社会主义现代化强国而奋斗。', '四项基本原则', 'B');
INSERT INTO `question` VALUES ('236', '1978年12月召开的党的十一届三中全会，是新中国成立以来党的历史上具有深远意义的伟大转折。这次会议确定把全党的工作重点转移到社会主义现代化建设上来。标志着我国进入#新时期。', '改革开放', 'B');
INSERT INTO `question` VALUES ('237', '党务公开应当遵循的原则是：坚持#、坚持发扬民主、坚持积极稳妥、坚持依规依法。', '正确方向', 'B');
INSERT INTO `question` VALUES ('238', '1949年3月,中共中央在#召开七届二中全会,毛泽东在会上向全党同志提出了著名的“两个务必”思想。会议着重讨论党的工作重心实行战略转移，即从乡村转到城市的问题。', '西北坡', 'B');
INSERT INTO `question` VALUES ('239', ' 第一个中文全译本《共产党宣言》是#翻译，1920年8月由上海社会主义研究社出版。', '陈望道', 'B');
INSERT INTO `question` VALUES ('240', '在中国共产党第一次全国代表大会上#被选为中央局书记。', '陈独秀', 'B');
INSERT INTO `question` VALUES ('241', '2020年1月8日，习近平总书记在“不忘初心、牢记使命”主题教育总结大会上强调，强大的政党是在自我革命中锻造出来的。回顾党的历史，我们党总是在推动社会革命的同时，勇于推动#，始终坚持真理、修正错误，敢于正视问题、克服缺点，勇于刮骨疗毒、去腐生肌。', '自我革命', 'B');
INSERT INTO `question` VALUES ('242', '深入推进党风廉政建设和反腐败斗争，要以#态度惩治腐败，构建不敢腐、不能腐、不想腐的有效机制。', '零容忍', 'B');
INSERT INTO `question` VALUES ('243', '党的群众路线是：一切为了群众，一切#群众，从群众中来，到群众中去，把党的正确主张变为群众的自觉行动。', '依靠', 'B');
INSERT INTO `question` VALUES ('244', '1928年6月18日至7月11日,中国共产党第#次全国代表大会在莫斯科郊外的五一村召开。', '六', 'B');
INSERT INTO `question` VALUES ('245', '合格党员的“四讲四有”是指：讲政治、有信念，#、有纪律，讲道德、有品行，讲奉献、有作为。', '讲规矩', 'B');
INSERT INTO `question` VALUES ('246', '落实党风廉政建设责任制，党委负主体责任，#负监督责任。', '纪委', 'B');
INSERT INTO `question` VALUES ('247', '1978年12月13日，邓小平在中央工作会议上发表的《#，实事求是，团结一致向前看》的讲话，受到与会者热烈拥护，实际上成为随后召开的十一届三中全会的主题报告。', '解放思想', 'B');
INSERT INTO `question` VALUES ('248', '社会主义荣辱观以“#”为主要内容。', '八荣八耻', 'B');
INSERT INTO `question` VALUES ('249', '各级党委党组要把中心组学习列入重要议事日程，纳入#工作责任制，纳入意识形态工作责任制。', '党建', 'B');
INSERT INTO `question` VALUES ('250', '八项规定包括：改进调查研究、精简会议活动、精简文件简报、规范出访活动、改进警卫工作、改进新闻报道、严格文稿发表、#。', '厉行勤俭节约', 'B');
INSERT INTO `question` VALUES ('251', '党的问责工作应当坚持的原则是：#、实事求是，失责必问、问责必严，惩前毖后、治病救人，分级负责、层层落实责任。', '依规依纪', 'B');
INSERT INTO `question` VALUES ('252', '民主集中制 16 字原则：集体领导、民主集中、个别酝酿、#。', '会议决定', 'B');
INSERT INTO `question` VALUES ('253', '党的七大提出的党的三大作风是：理论和实践相结合的作风、和人民群众紧密联系在一起的作风、#的作风。', '自我批评', 'B');
INSERT INTO `question` VALUES ('254', '1936年10月，红四、红二方面军先后同红一方面军在甘肃#、静宁将台堡会师，胜利地结束了长征。', '会宁', 'B');
INSERT INTO `question` VALUES ('255', '1958年5月，党的八大二次会议正式提出“鼓足干劲、力争上游、多快好省地建设社会主义”的总路线。会后，以片面追求工农业生产和建设的高速度，大幅度地提高和修改计划指标为标志的“#”运动在全国范围内开展起来。', '大跃进', 'B');
INSERT INTO `question` VALUES ('256', '1987年召开的党的十三大提出并系统论述了#理论。', '社会主义初级阶段', 'B');
INSERT INTO `question` VALUES ('257', '党员如果没有正当理由，连续#个月不参加党的组织生活，或不交纳党费，或不做党所分配的工作，就被认为是自行脱党。', '六', 'B');
INSERT INTO `question` VALUES ('258', '红船精神：开天辟地、#。', '敢为人先', 'B');
INSERT INTO `question` VALUES ('259', '#年12月20日，中国政府恢复对澳门行使主权，中华人民共和国澳门特别行政区成立，结束了葡萄牙共和国统治澳门的历史。', '1999', 'B');
INSERT INTO `question` VALUES ('260', '倡导社会关爱风尚，弘扬志愿者精神是指弘扬奉献、友爱、互助、#。', '进步', 'B');
INSERT INTO `question` VALUES ('261', '党的领导核心作用主要体现为#、协调各方。', '总揽全局', 'B');
INSERT INTO `question` VALUES ('262', '领导干部应当按规定如实报告#，及时报告个人及家庭重大情况,事先请示报告离开岗位或者工作所在地等。', '个人有关事项', 'B');
INSERT INTO `question` VALUES ('263', '中国共产党的宗旨是:#。', '全心全意为人民服务', 'B');
INSERT INTO `question` VALUES ('264', '#从组织上确立了党对军队的绝对领导,为建立一支无产阶级领导下的新型人民军队奠定了基础。', '三湾改编', 'B');
INSERT INTO `question` VALUES ('265', '《中国共产党廉洁自律准则》第四条，坚持吃苦在前、享受在后、#，反映了廉洁的高线。', '甘于奉献', 'B');
INSERT INTO `question` VALUES ('266', '邓小平提出的四项基本原则是：坚持#，坚持无产阶级专政即人民民主专政，坚持共产党的领导，坚持马列主义、毛泽东思想。', '社会主义道路', 'B');
INSERT INTO `question` VALUES ('267', '《党章》强调，要牢牢掌握意识形态工作领导权，不断巩固#在意识形态领域的指导地位，巩固全党全国人民团结奋斗的共同思想基础。', '马克思主义', 'B');
INSERT INTO `question` VALUES ('268', '中国共产党领导全国各族人民，经过长期的反对帝国主义、封建主义、官僚资本主义的革命斗争，取得了#革命的胜利。', '新民主主义', 'B');
INSERT INTO `question` VALUES ('269', '在民主推荐、民主测评、组织考察和党内选举中搞拉票、助选等非组织活动的，给予警告或者#。', '严重警告', 'B');
INSERT INTO `question` VALUES ('270', '四大考验指的是#考验、改革开放考验、市场经济考验、外部环境考验。', '执政', 'B');
INSERT INTO `question` VALUES ('271', '“四史”：党史、新中国史、改革开放史、#。', '社会主义发展史', 'B');
INSERT INTO `question` VALUES ('272', '严守“四条底线”：法律底线、#、政策底线、道德底线。', '纪律底线', 'B');
INSERT INTO `question` VALUES ('273', '各级党委党组对本级中心组学习负#责任，对本地区本部门本单位的中心组学习负领导责任。', '主体', 'B');
INSERT INTO `question` VALUES ('274', '党的十四大作出三项具有深远意义的决策:一是抓住机遇,加快发展;二是明确我国经济体制改革的目标是建立#经济体制;三是提出用邓小平建设有中国特色社会主义理论武装全党。', '社会主义市场', 'B');
INSERT INTO `question` VALUES ('275', '1927年8月7日在湖北汉口召开#。“政权是由枪杆子中取得的”这一论断是毛泽东在“八七会议”上提出来的。', '八七会议', 'B');
INSERT INTO `question` VALUES ('276', '党的“四条路线”是指：政治路线、思想路线、#路线、群众路线。', '组织', 'B');
INSERT INTO `question` VALUES ('277', '党章规定的各项纪律都必须严格遵守和执行，而最首要、最核心的就是要严格遵守和执行党的#。', '政治纪律', 'B');
INSERT INTO `question` VALUES ('278', '“四风问题”是指:形式主义、#主义、享乐主义、奢靡之风。', '官僚', 'B');
INSERT INTO `question` VALUES ('279', ' 中国共产党创立的第一块农村革命根据地是#革命根据地。1927年10月，毛泽东率领湘赣边界秋收起义部队到达江西宁冈，开始了创建井冈山革命根据地的斗争。', '井冈山', 'B');
INSERT INTO `question` VALUES ('280', '1978年5月11日，《光明日报》发表题为《#》特约评论员文章。由此，一场关于真理标准问题的大讨论在全国展开。', '实践是检验真理的唯一标准', 'B');
INSERT INTO `question` VALUES ('281', '四项基本原则：坚持社会主义道路、坚持#、坚持中国共产党的领导、坚持马克思列宁主义毛泽东思想。', '人民民主专政', 'B');
INSERT INTO `question` VALUES ('282', '1942年,中国共产党在全党范围内进行了一次整风运动,其主要任务是反对主观主义以整顿学风,反对宗派主义以整顿#,反对党八股以整顿文风。', '党风', 'B');
INSERT INTO `question` VALUES ('283', '党委(党组)成员根据工作分工，按照“一岗双责”要求,抓好分管部门、单位的意识形态工作,对职责范围内的#工作负领导责任。', '意识形态', 'B');
INSERT INTO `question` VALUES ('284', '党的“四条路线”是指：政治路线、思想路线、组织路线、#路线。', '群众', 'B');
INSERT INTO `question` VALUES ('285', '#是近百年来中国人民反对外国侵略者所取得的第一次完全胜利的民族解放战争。', '抗日战争', 'B');
INSERT INTO `question` VALUES ('286', '《关于加强和改进中央和国家机关党的建设的意见》指出，中央和国家机关要坚定不移向党中央看齐、向党的理论和路线方针政策看齐、向#看齐，自觉在思想上政治上组织上行动上同以习近平同志为核心的党中央保持一致。', '党中央决策部署', 'B');
INSERT INTO `question` VALUES ('287', '#年高考制度得到恢复，全国高校重新通过统一考试招收新生。', '1977', 'B');
INSERT INTO `question` VALUES ('288', '1937年7月7日,#爆发,全国抗日战争由此开始。', '卢沟桥事变', 'B');
INSERT INTO `question` VALUES ('289', '遵守党的政治纪律和政治规矩最为核心的是坚持#，坚持党的基本理论、基本路线、基本方略，同党中央保持一致，自觉维护党中央权威。', '党的领导', 'B');
INSERT INTO `question` VALUES ('290', '七项组织生活制度包括：会议制度、党日制度、党课制度、报告工作制度、民主生活制度、党员汇报制度、#制度。', '民主评议党员', 'B');
INSERT INTO `question` VALUES ('291', '党的干部是党的事业的骨干，是人民的公仆，要做到忠诚#。', '干净担当', 'B');
INSERT INTO `question` VALUES ('292', '党风廉政建设“一岗双责”是指：各级干部在履行本职岗位管理职责的同时，还要对所在单位和分管工作领域的党风廉政建设负责。通俗地说，就是“一个岗位，两种责任”，每位干部既要干事，还不能出事，一手抓发展，一手抓#，“两手抓、两手都要硬”。', '廉政', 'B');
INSERT INTO `question` VALUES ('293', '在解放区的土地改革运动中颁布的土地法案是《#》。', '中国土地法大纲', 'B');
INSERT INTO `question` VALUES ('294', '20世纪60年代被誉为“党的好干部”的是：#。', '焦裕禄', 'B');
INSERT INTO `question` VALUES ('295', '延安整风运动的基本方针是“惩前毖后、#”。', '治病救人', 'B');
INSERT INTO `question` VALUES ('296', '党的问责工作应当坚持的原则是：依规依纪、实事求是，#、问责必严，惩前毖后、治病救人，分级负责、层层落实责任。', '失责必问', 'B');
INSERT INTO `question` VALUES ('297', '改进工作作风、密切联系群众的“八项规定”由：改进调查研究、#、精简文件简报、规范出访活动、改进警卫工作、改进新闻报道、严格文稿发表、厉行勤俭节约。', '精简会议活动', 'B');
INSERT INTO `question` VALUES ('298', '严格区分和正确处理敌我矛盾和#矛盾这两种不同性质的矛盾。', '人民内部', 'B');
INSERT INTO `question` VALUES ('299', '四大危险是指精神懈怠危险、能力不足危险、#危险、消极腐败危险。', '脱离群众', 'B');
INSERT INTO `question` VALUES ('300', '十九大党章增写了必须#的发展思想。', '坚持以人民为中心', 'B');
INSERT INTO `question` VALUES ('301', '七一五“#”事件，标志着第一次国共合作全面破裂、大革命最后失败。', '分共', 'B');
INSERT INTO `question` VALUES ('302', '1964年12月至1965年1月，三届全国人大一次会议举行。这次会议提出了实现#的任务。', '四个现代化', 'B');
INSERT INTO `question` VALUES ('303', '把习近平新时代中国特色社会主义思想确立为我们党的#，这是党的十九大的一个重大历史贡献。习近平新时代中国特色社会主义思想回答了新时代坚持和发展什么样的中国特色社会主义、怎样坚持和发展中国特色社会主义这个重大课题。', '行动指南', 'B');
INSERT INTO `question` VALUES ('304', '民主生活会应当遵循“团结-批评-团结”的方针，贯彻#精神，充分发扬民主，开展积极健康的思想斗争,增强党内政治生活的政治性、时代性、原则性、战斗性。', '整风', 'B');
INSERT INTO `question` VALUES ('305', '新中国开展的“三反”运动是指反贪污、反浪费、反#。', '官僚主义', 'B');
INSERT INTO `question` VALUES ('306', '全国开展“向雷锋同志学习”的热潮始于#年。', '1963', 'B');
INSERT INTO `question` VALUES ('307', '1984年10月20日，党的十二届三中全会通过的《关于#的决定》，标志着我国经济体制改革的重点从农村转向城市。', '经济体制改革', 'B');
INSERT INTO `question` VALUES ('308', '遵守党的政治纪律和政治规矩最为核心的是坚持党的领导，坚持党的基本理论、基本路线、基本方略，同党中央保持一致，自觉维护#。', '党中央权威', 'B');
INSERT INTO `question` VALUES ('309', '党员要做到的“四个合格”是指：政治合格、#合格、品德合格、发挥作用合格。', '执行纪律', 'B');
INSERT INTO `question` VALUES ('310', '坚定#是开展党内政治生活的首要任务。', '理想信念', 'B');
INSERT INTO `question` VALUES ('311', '党的纪律处分工作应当坚持的原则有:坚持#、全面从严治党；党纪面前一律平等；实事求是;民主集中制;惩前毖后、治病救人。', '党要管党', 'B');
INSERT INTO `question` VALUES ('312', '“三个代表”重要思想的本质是立党为公、#。', '执政为民', 'B');
INSERT INTO `question` VALUES ('313', '皖南事变：#年1月4日，新四军军部及所属的支队9000多人由云岭出发北移。6日，行至安徽泾县茂林时，遭到国民党军队8万多人的伏击。新四军奋战七昼夜，弹尽粮绝，除2000余人突围外，大部分被俘或牺牲。', '1941', 'B');
INSERT INTO `question` VALUES ('314', '#年9月，第一届全国人民代表大会第一次会议在北京举行。会议的召开，标志着人民代表大会制度作为新中国的根本政治制度正式确立。', '1954', 'B');
INSERT INTO `question` VALUES ('315', '#是民主基础上的集中和集中指导下的民主相结合，它既是党的根本组织原则，也是群众路线在党的生活中的运用。', '民主集中制', 'B');
INSERT INTO `question` VALUES ('316', '党的基层委员会、总支部委员会、支部委员会每届任期#至五年。', '三年', 'B');
INSERT INTO `question` VALUES ('317', '坚持“三会一课”制度，党员必须参加党员大会、#和上党课，党支部要定期召开支部委员会会议。', '党小组会', 'B');
INSERT INTO `question` VALUES ('318', '《党章》规定，发展党员，必须把政治标准放在首位，必须经过党的支部，坚持#的原则。', '个别吸收', 'B');
INSERT INTO `question` VALUES ('319', '我国社会主义初级阶段开始于#年。', '1956', 'B');
INSERT INTO `question` VALUES ('320', '“三型”政党是指：建设#、服务型、创新型的马克思主义执政党。', '学习型', 'B');
INSERT INTO `question` VALUES ('321', '标志着中国由国内战争走向抗日民族解放战争的转折点的事件是#的和平解决。', '西安事变', 'B');
INSERT INTO `question` VALUES ('322', '党的十一届#中全会通过了《关于党内政治生活的若干准则》。', '五', 'B');
INSERT INTO `question` VALUES ('323', '各级党委(党组)要建立健全意识形态领域问题每#分析研判机制。每年至少在党内通报一次意识形态领域情况，统一思想认识，明确工作方向。各级党委(党组)每半年要向上级党委专题汇报一次意识形态工作。', '季度', 'B');
INSERT INTO `question` VALUES ('324', '党的十一届六中全会通过的《关于建国以来党的若干历史问题的决议》 ,标志着党胜利地完成了#上的拨乱反正。', '指导思想', 'B');
INSERT INTO `question` VALUES ('325', '党的“四条路线”是指：#路线、思想路线、组织路线、群众路线。', '政治', 'B');
INSERT INTO `question` VALUES ('326', '我们党的最大政治优势是密切联系群众，党执政后的最大危险是#。', '脱离群众', 'B');
INSERT INTO `question` VALUES ('327', '中国共产党第一次全国代表大会#年7月23日举行，会场设在上海法租界望志路106号（今兴业路76号）。最后一天的会议转移到浙江嘉兴南湖的游船上举行。', '1921', 'B');
INSERT INTO `question` VALUES ('328', '党政军民学,东西南北中,#。', '党是领导一切的', 'B');
INSERT INTO `question` VALUES ('329', '解放战争时期,人民解放军进行战略决战的三大战役是辽沈战役、#战役、平津战役。', '淮海', 'B');
INSERT INTO `question` VALUES ('330', '党的三大历史任务是：推进现代化建设、#、维护世界和平与促进共同发展。', '完成祖国统一', 'B');
INSERT INTO `question` VALUES ('331', '红军长征#年10月起至1936年10月止。', '1934', 'B');
INSERT INTO `question` VALUES ('332', '习近平总书记指出，作风建设关键要在抓常、抓细、#上下功夫。', '抓长', 'C');
INSERT INTO `question` VALUES ('333', '习近平总书记要求要学习焦裕禄同志的“三股劲”是：对群众的亲劲、抓工作的韧劲、#。', '干事业的拼劲', 'C');
INSERT INTO `question` VALUES ('334', '习近平总书记在兰考县委常委扩大会议上指出，要特别学习弘扬#同志“心中装着全体人民，唯独没有他自己”的公仆情怀;凡事探求就里、“吃别人嚼过的馍没味道”的求实作风;“敢教日月换新天”、“革命者要在困难面前逞英雄”的奋斗精神;艰苦朴素、廉洁奉公、“任何时候都不搞特殊化”的道德情操。', '焦裕禄', 'C');
INSERT INTO `question` VALUES ('335', '2017年6月14日，习近平总书记在会见卢森堡首相贝泰尔时指出，要深化双方在“一带一路”建设框架内金融和产能等合作，中方支持建设郑州一卢森堡“#之路”。', '空中丝绸', 'C');
INSERT INTO `question` VALUES ('336', '习近平总书记要求河南着力打好的“四张牌”有：以发展优势产业为主导推进产业结构优化升级，以构建自主创新体系为主导推进创新驱动发展，以强化基础能力建设为主导推进培育发展新优势，以#推进新型城镇化。', '人为核心', 'C');
INSERT INTO `question` VALUES ('337', '“十四五”时期经济社会发展必须遵循的原则是：坚持#，坚持以人民为中心，坚持新发展理念，坚持深化改革开放，坚持系统观念。', '党的全面领导', 'C');
INSERT INTO `question` VALUES ('338', '党的十九届五中全会提出，综合分析国内外形势，当前和今后一个时期，我国发展仍然处于#机遇期，但机遇和挑战都有新的发展变化。', '重要战略', 'C');
INSERT INTO `question` VALUES ('339', '在构建自主创新体系为主导推进创新驱动发展方面，习近平总书记指出，要坚持实施#发展战略，坚持需求导向、问题导向，努力推进科技创新、企业创新、产品创新、市场创新，向创新要活力，向创新要动力，向创新要出路，向创新要效益。', '创新驱动', 'C');
INSERT INTO `question` VALUES ('340', '在强化基础能力建设为主导推进培育发展新优势方面，习近平总书记指出，要突出重点、弥补短板、强化弱项，加强交通、信息、能源、生态环境等重大基础设施建设，以#互联互通为纽带，推动局部优势向综合优势转变。', '基础设施', 'C');
INSERT INTO `question` VALUES ('341', '习近平总书记指出，河南农业农村工作重点要抓#、现代农业建设、城乡一体化建设。', '粮食生产', 'C');
INSERT INTO `question` VALUES ('342', '习近平总书记指出，在以人为核心推进新型城镇化方面，要把培育产业放在推进新型城镇化工作的首位，注重解决#就业问题。', '进城农民', 'C');
INSERT INTO `question` VALUES ('343', '习近平总书记强调的乡镇工作“三结合”是指：把改进作风和增强党性结合起来，把为群众办事和提高群众工作能力结合起来，把抓发展和#结合起来，以实实在在的成效取信于民。', '抓党建', 'C');
INSERT INTO `question` VALUES ('344', '党的十九届五中全会提出，全面建成小康社会、实现第一个百年奋斗目标之后，我们要乘势而上开启全面建设社会主义现代化国家新征程、向第二个百年奋斗目标进军，这标志着我国进入了一个#阶段。', '新发展', 'C');
INSERT INTO `question` VALUES ('345', '党的十九届五中全会提出，坚持#在意识形态领域的指导地位，坚定文化自信，坚持以社会主义核心价值观引领文化建设，加强社会主义精神文明建设，围绕举旗帜、聚民心、育新人、兴文化、展形象的使命任务，促进满足人民文化需求和增强人民精神力量相统一，推进社会主义文化强国建设。', '马克思主义', 'C');
INSERT INTO `question` VALUES ('346', '“十四五”时期经济社会发展的主要目标。一是经济发展取得新成效；二是改革开放迈出新步伐；三是社会文明程度得到新提高；四是生态文明建设实现新进步；五是民生福祉达到新水平；六是#效能得到新提升。', '国家治理', 'C');
INSERT INTO `question` VALUES ('347', '习近平总书记指出，#是河南的一大优势，也是河南的一张王牌。这张王牌任何时候都不能丢。突破粮食生产瓶颈，根本在耕地、命脉在水利、出路在科技、动力在政策。', '粮食生产', 'C');
INSERT INTO `question` VALUES ('348', '习近平总书记指出，亲民爱民、艰苦奋斗、科学求实、迎难而上、无私奉献的#精神,过去是、现在是、将来仍然是我们党的宝贵精神财富,永远不会过时。', '焦裕禄', 'C');
INSERT INTO `question` VALUES ('349', '“十四五”时期经济社会发展的指导思想是：高举中国特色社会主义伟大旗帜，深入贯彻党的十九大和十九届二中、三中、四中、五中全会精神，坚持以马克思列宁主义、毛泽东思想、邓小平理论、“三个代表”重要思想、#、习近平新时代中国特色社会主义思想为指导。', '科学发展观', 'C');
INSERT INTO `question` VALUES ('350', '习近平总书记强调的县域治理“三起来”是指：把强县和富民统一起来，把改革和发展结合起来，把#贯通起来。', '城镇和乡村', 'C');
INSERT INTO `question` VALUES ('351', '习近平总书记指出，要强化党组织和党员的角色意识和#意识,使爱党、忧党、兴党、护党成为各级党组织和广大党员的自觉行动。', '政治担当', 'C');
INSERT INTO `question` VALUES ('352', '党的十九届五中全会提出，形成强大国内市场，构建新发展格局。坚持扩大内需这个战略基点，加快培育完整内需体系，把实施扩大内需战略同深化供给侧结构性改革有机结合起来，以创新驱动、#引领和创造新需求。', '高质量供给', 'C');
INSERT INTO `question` VALUES ('353', '党的十九届五中全会召开的时间：#年10月26至29日。', '2020', 'C');
INSERT INTO `question` VALUES ('354', '习近平总书记在郑州调研过程中多次指出，河南要建成连通境内外、辐射东中西的物流通道枢纽，为丝绸之路经济带建设多作贡献；勉励河南要朝着“#、卖全球”的战略目标迈进。', '买全球', 'C');

-- ----------------------------
-- Table structure for studanswer
-- ----------------------------
DROP TABLE IF EXISTS `studanswer`;
CREATE TABLE `studanswer` (
  `userID` varchar(255) NOT NULL,
  `quesserial` int(11) NOT NULL
) ENGINE=InnoDB DEFAULT CHARSET=utf8 ROW_FORMAT=DYNAMIC;

-- ----------------------------
-- Records of studanswer
-- ----------------------------
INSERT INTO `studanswer` VALUES ('12345678910', '6');
INSERT INTO `studanswer` VALUES ('12345678910', '11');
INSERT INTO `studanswer` VALUES ('12345678910', '12');
INSERT INTO `studanswer` VALUES ('12345678910', '13');
INSERT INTO `studanswer` VALUES ('12345678910', '14');
INSERT INTO `studanswer` VALUES ('12345678910', '15');
INSERT INTO `studanswer` VALUES ('12345678910', '196');
INSERT INTO `studanswer` VALUES ('12345678910', '197');
INSERT INTO `studanswer` VALUES ('12345678910', '198');
INSERT INTO `studanswer` VALUES ('12345678910', '199');
INSERT INTO `studanswer` VALUES ('12345678910', '313');
INSERT INTO `studanswer` VALUES ('12345678910', '16');
INSERT INTO `studanswer` VALUES ('12345678910', '17');
INSERT INTO `studanswer` VALUES ('12345678910', '18');
INSERT INTO `studanswer` VALUES ('12345678910', '19');
INSERT INTO `studanswer` VALUES ('12345678910', '20');
INSERT INTO `studanswer` VALUES ('12345678910', '200');
INSERT INTO `studanswer` VALUES ('12345678910', '201');
INSERT INTO `studanswer` VALUES ('12345678910', '202');
INSERT INTO `studanswer` VALUES ('12345678910', '203');
INSERT INTO `studanswer` VALUES ('12345678910', '314');
INSERT INTO `studanswer` VALUES ('12345678910', '21');
INSERT INTO `studanswer` VALUES ('12345678910', '22');
INSERT INTO `studanswer` VALUES ('12345678910', '23');
INSERT INTO `studanswer` VALUES ('12345678910', '204');
INSERT INTO `studanswer` VALUES ('12345678910', '205');
INSERT INTO `studanswer` VALUES ('12345678910', '206');
INSERT INTO `studanswer` VALUES ('12345678910', '207');
INSERT INTO `studanswer` VALUES ('12345678910', '315');
INSERT INTO `studanswer` VALUES ('12345678910', '26');
INSERT INTO `studanswer` VALUES ('12345678910', '27');
INSERT INTO `studanswer` VALUES ('12345678910', '28');
INSERT INTO `studanswer` VALUES ('12345678910', '29');
INSERT INTO `studanswer` VALUES ('12345678910', '30');
INSERT INTO `studanswer` VALUES ('12345678910', '208');
INSERT INTO `studanswer` VALUES ('12345678910', '209');
INSERT INTO `studanswer` VALUES ('12345678910', '210');
INSERT INTO `studanswer` VALUES ('12345678910', '211');
INSERT INTO `studanswer` VALUES ('12345678910', '316');
INSERT INTO `studanswer` VALUES ('12345678910', '31');
INSERT INTO `studanswer` VALUES ('12345678910', '32');
INSERT INTO `studanswer` VALUES ('12345678910', '33');
INSERT INTO `studanswer` VALUES ('12345678910', '34');
INSERT INTO `studanswer` VALUES ('12345678910', '35');
INSERT INTO `studanswer` VALUES ('12345678910', '212');
INSERT INTO `studanswer` VALUES ('12345678910', '213');
INSERT INTO `studanswer` VALUES ('12345678910', '214');
INSERT INTO `studanswer` VALUES ('12345678910', '215');
INSERT INTO `studanswer` VALUES ('12345678910', '317');
INSERT INTO `studanswer` VALUES ('12345678910', '36');
INSERT INTO `studanswer` VALUES ('12345678910', '37');
INSERT INTO `studanswer` VALUES ('12345678910', '38');
INSERT INTO `studanswer` VALUES ('12345678910', '39');
INSERT INTO `studanswer` VALUES ('12345678910', '40');
INSERT INTO `studanswer` VALUES ('12345678910', '216');
INSERT INTO `studanswer` VALUES ('12345678910', '217');
INSERT INTO `studanswer` VALUES ('12345678910', '218');
INSERT INTO `studanswer` VALUES ('12345678910', '219');
INSERT INTO `studanswer` VALUES ('12345678910', '318');
INSERT INTO `studanswer` VALUES ('12345678910', '41');
INSERT INTO `studanswer` VALUES ('12345678910', '42');
INSERT INTO `studanswer` VALUES ('12345678910', '43');
INSERT INTO `studanswer` VALUES ('12345678910', '44');
INSERT INTO `studanswer` VALUES ('12345678910', '45');
INSERT INTO `studanswer` VALUES ('12345678910', '220');
INSERT INTO `studanswer` VALUES ('12345678910', '221');
INSERT INTO `studanswer` VALUES ('12345678910', '222');
INSERT INTO `studanswer` VALUES ('12345678910', '223');
INSERT INTO `studanswer` VALUES ('12345678910', '319');
INSERT INTO `studanswer` VALUES ('12345678910', '46');
INSERT INTO `studanswer` VALUES ('12345678910', '47');
INSERT INTO `studanswer` VALUES ('12345678910', '48');
INSERT INTO `studanswer` VALUES ('12345678910', '49');
INSERT INTO `studanswer` VALUES ('12345678910', '50');
INSERT INTO `studanswer` VALUES ('12345678910', '224');
INSERT INTO `studanswer` VALUES ('12345678910', '225');
INSERT INTO `studanswer` VALUES ('12345678910', '226');
INSERT INTO `studanswer` VALUES ('12345678910', '227');
INSERT INTO `studanswer` VALUES ('12345678910', '320');
INSERT INTO `studanswer` VALUES ('12345678910', '187');
INSERT INTO `studanswer` VALUES ('12345678910', '1');
INSERT INTO `studanswer` VALUES ('12345678910', '3');
INSERT INTO `studanswer` VALUES ('12345678910', '4');
INSERT INTO `studanswer` VALUES ('12345678910', '5');
INSERT INTO `studanswer` VALUES ('12345678910', '310');
INSERT INTO `studanswer` VALUES ('12345678910', '311');
INSERT INTO `studanswer` VALUES ('12345678910', '312');
INSERT INTO `studanswer` VALUES ('12345678910', '354');
INSERT INTO `studanswer` VALUES ('12345678910', '7');
INSERT INTO `studanswer` VALUES ('12345678910', '332');
INSERT INTO `studanswer` VALUES ('20211040001', '1');
INSERT INTO `studanswer` VALUES ('20211040001', '2');
INSERT INTO `studanswer` VALUES ('20211040001', '6');
INSERT INTO `studanswer` VALUES ('20211040001', '7');
INSERT INTO `studanswer` VALUES ('20211040001', '11');
INSERT INTO `studanswer` VALUES ('20211040001', '12');
INSERT INTO `studanswer` VALUES ('20211040001', '13');
INSERT INTO `studanswer` VALUES ('20211040001', '14');
INSERT INTO `studanswer` VALUES ('20211040001', '15');
INSERT INTO `studanswer` VALUES ('20211040001', '196');
INSERT INTO `studanswer` VALUES ('20211040001', '197');
INSERT INTO `studanswer` VALUES ('20211040001', '198');
INSERT INTO `studanswer` VALUES ('20211040001', '199');
INSERT INTO `studanswer` VALUES ('20211040001', '334');
INSERT INTO `studanswer` VALUES ('20211040001', '16');
INSERT INTO `studanswer` VALUES ('20211040001', '17');
INSERT INTO `studanswer` VALUES ('20211040001', '18');
INSERT INTO `studanswer` VALUES ('20211040001', '200');
INSERT INTO `studanswer` VALUES ('20211040001', '201');
INSERT INTO `studanswer` VALUES ('20211040001', '202');
INSERT INTO `studanswer` VALUES ('20211040001', '203');
INSERT INTO `studanswer` VALUES ('20211040001', '23');
INSERT INTO `studanswer` VALUES ('20211040001', '24');
INSERT INTO `studanswer` VALUES ('20211040001', '25');
INSERT INTO `studanswer` VALUES ('20211040001', '204');
INSERT INTO `studanswer` VALUES ('20211040001', '205');
INSERT INTO `studanswer` VALUES ('20211040001', '206');
INSERT INTO `studanswer` VALUES ('20211040001', '207');
INSERT INTO `studanswer` VALUES ('20211040001', '336');
INSERT INTO `studanswer` VALUES ('20211040001', '27');
INSERT INTO `studanswer` VALUES ('20211040001', '28');
INSERT INTO `studanswer` VALUES ('20211040001', '29');
INSERT INTO `studanswer` VALUES ('20211040001', '30');
INSERT INTO `studanswer` VALUES ('20211040001', '208');
INSERT INTO `studanswer` VALUES ('20211040001', '209');
INSERT INTO `studanswer` VALUES ('20211040001', '210');
INSERT INTO `studanswer` VALUES ('20211040001', '211');
INSERT INTO `studanswer` VALUES ('20211040001', '337');
INSERT INTO `studanswer` VALUES ('20211040001', '31');
INSERT INTO `studanswer` VALUES ('20211040001', '34');
INSERT INTO `studanswer` VALUES ('20211040001', '35');
INSERT INTO `studanswer` VALUES ('20211040001', '212');
INSERT INTO `studanswer` VALUES ('20211040001', '213');
INSERT INTO `studanswer` VALUES ('20211040001', '214');
INSERT INTO `studanswer` VALUES ('20211040001', '215');
INSERT INTO `studanswer` VALUES ('20211040001', '338');
INSERT INTO `studanswer` VALUES ('20211040001', '36');
INSERT INTO `studanswer` VALUES ('20211040001', '39');
INSERT INTO `studanswer` VALUES ('20211040001', '40');
INSERT INTO `studanswer` VALUES ('20211040001', '216');
INSERT INTO `studanswer` VALUES ('20211040001', '217');
INSERT INTO `studanswer` VALUES ('20211040001', '218');
INSERT INTO `studanswer` VALUES ('20211040001', '219');
INSERT INTO `studanswer` VALUES ('20211040001', '339');
INSERT INTO `studanswer` VALUES ('20211040001', '42');
INSERT INTO `studanswer` VALUES ('20211040001', '44');
INSERT INTO `studanswer` VALUES ('20211040001', '45');
INSERT INTO `studanswer` VALUES ('20211040001', '220');
INSERT INTO `studanswer` VALUES ('20211040001', '221');
INSERT INTO `studanswer` VALUES ('20211040001', '222');
INSERT INTO `studanswer` VALUES ('20211040001', '223');
INSERT INTO `studanswer` VALUES ('20211040001', '340');

-- ----------------------------
-- Table structure for student
-- ----------------------------
DROP TABLE IF EXISTS `student`;
CREATE TABLE `student` (
  `userID` varchar(255) DEFAULT NULL,
  `name` varchar(255) DEFAULT NULL,
  `serialID` int(11) DEFAULT NULL,
  `answerSum` int(11) DEFAULT NULL,
  `ansRiSum` int(11) DEFAULT NULL,
  `quesserialA` int(11) DEFAULT NULL,
  `quesserialB` int(11) DEFAULT NULL,
  `quesserialC` int(11) DEFAULT NULL
) ENGINE=InnoDB DEFAULT CHARSET=utf8 ROW_FORMAT=DYNAMIC;

-- ----------------------------
-- Records of student
-- ----------------------------
INSERT INTO `student` VALUES ('20211040001', '常轶旸', '1', '90', '28', '46', '224', '341');
INSERT INTO `student` VALUES ('20211040002', '侯彦飞', '1', '0', '0', '1', '188', '332');
INSERT INTO `student` VALUES ('20211040003', '李洪涛', '1', '0', '0', '1', '188', '332');
INSERT INTO `student` VALUES ('20211040004', '刘  萍', '1', '0', '0', '1', '188', '332');
INSERT INTO `student` VALUES ('20211040005', '常  晖', '1', '0', '0', '1', '188', '332');
INSERT INTO `student` VALUES ('20211040006', '李  庆', '1', '0', '0', '1', '188', '332');
INSERT INTO `student` VALUES ('20211040007', '赵  璐', '1', '0', '0', '1', '188', '332');
INSERT INTO `student` VALUES ('20211040008', '陈  静', '1', '0', '0', '1', '188', '332');
INSERT INTO `student` VALUES ('20211040009', '阮  征', '1', '0', '0', '1', '188', '332');
INSERT INTO `student` VALUES ('20211040010', '李胜利', '1', '0', '0', '1', '188', '332');
INSERT INTO `student` VALUES ('20211040011', '王  辉', '1', '0', '0', '1', '188', '332');
INSERT INTO `student` VALUES ('20211040012', '魏国强', '1', '0', '0', '1', '188', '332');
INSERT INTO `student` VALUES ('20211040013', '郎明现', '1', '0', '0', '1', '188', '332');
INSERT INTO `student` VALUES ('20211040014', '王红航', '1', '0', '0', '1', '188', '332');
INSERT INTO `student` VALUES ('20211040015', '曲  涛', '1', '0', '0', '1', '188', '332');
INSERT INTO `student` VALUES ('20211040016', '刘帅武', '1', '0', '0', '1', '188', '332');
INSERT INTO `student` VALUES ('20211040017', '席  畅', '1', '0', '0', '1', '188', '332');
INSERT INTO `student` VALUES ('20211040018', '曾小平', '1', '0', '0', '1', '188', '332');
INSERT INTO `student` VALUES ('20211040019', '杨长春', '1', '0', '0', '1', '188', '332');
INSERT INTO `student` VALUES ('20211040020', '周  垚', '1', '0', '0', '1', '188', '332');
INSERT INTO `student` VALUES ('20211040021', '吕志刚', '1', '0', '0', '1', '188', '332');
INSERT INTO `student` VALUES ('20211040022', '乔敬伟', '1', '0', '0', '1', '188', '332');
INSERT INTO `student` VALUES ('20211040023', '孔德高', '1', '0', '0', '1', '188', '332');
INSERT INTO `student` VALUES ('20211040024', '黄振涛', '1', '0', '0', '1', '188', '332');
INSERT INTO `student` VALUES ('20211040025', '乔保军', '1', '0', '0', '1', '188', '332');
INSERT INTO `student` VALUES ('20211040026', '白鑫刚', '1', '0', '0', '1', '188', '332');
INSERT INTO `student` VALUES ('20211040027', '杜泽兵', '1', '0', '0', '1', '188', '332');
INSERT INTO `student` VALUES ('20211040028', '蒋笃君', '1', '0', '0', '1', '188', '332');
INSERT INTO `student` VALUES ('20211040029', '樊新生', '1', '0', '0', '1', '188', '332');
INSERT INTO `student` VALUES ('20211040030', '张志增', '1', '0', '0', '1', '188', '332');
INSERT INTO `student` VALUES ('20211040031', '杨  波', '1', '0', '0', '1', '188', '332');
INSERT INTO `student` VALUES ('20211040032', '朱四倍', '1', '0', '0', '1', '188', '332');
INSERT INTO `student` VALUES ('20211040033', '陆志国', '1', '0', '0', '1', '188', '332');
INSERT INTO `student` VALUES ('20211040034', '毛艳丽', '1', '0', '0', '1', '188', '332');
INSERT INTO `student` VALUES ('20211040035', '王新武', '1', '0', '0', '1', '188', '332');
INSERT INTO `student` VALUES ('20211040036', '陈  华', '1', '0', '0', '1', '188', '332');
INSERT INTO `student` VALUES ('20211040037', '雷振山', '1', '0', '0', '1', '188', '332');
INSERT INTO `student` VALUES ('20211040038', '任经辉', '1', '0', '0', '1', '188', '332');
INSERT INTO `student` VALUES ('20211040039', '万  军', '1', '0', '0', '1', '188', '332');
INSERT INTO `student` VALUES ('20211040040', '赵  阳', '1', '0', '0', '1', '188', '332');
INSERT INTO `student` VALUES ('20211040041', '张巍远', '1', '0', '0', '1', '188', '332');
INSERT INTO `student` VALUES ('20211040042', '白  洋', '1', '0', '0', '1', '188', '332');
INSERT INTO `student` VALUES ('20211040043', '张四化', '1', '0', '0', '1', '188', '332');
INSERT INTO `student` VALUES ('20211040044', '王亚楠', '1', '0', '0', '1', '188', '332');
INSERT INTO `student` VALUES ('20211040045', '孙素娟', '1', '0', '0', '1', '188', '332');
INSERT INTO `student` VALUES ('20211040046', '郭  伟', '1', '0', '0', '1', '188', '332');
INSERT INTO `student` VALUES ('20211040047', '王麟乐', '1', '0', '0', '1', '188', '332');
INSERT INTO `student` VALUES ('20211040048', '赵丰丰', '1', '0', '0', '1', '188', '332');
INSERT INTO `student` VALUES ('20211040049', '王松宽', '1', '0', '0', '1', '188', '332');
INSERT INTO `student` VALUES ('20120129009', '韩越桥', '1', '0', '0', '1', '188', '332');
INSERT INTO `student` VALUES ('20120111005', '李远宏', '1', '0', '0', '1', '188', '332');
INSERT INTO `student` VALUES ('12345678910', '测试1', '5', '150', '32', '25', '330', '336');
